,move,skill,turn,color,match,piece_that_take,piece_taken
0,e4,=,1,W,1,,
1,e5,=,1,B,1,,
2,Nf3,=,2,W,1,,
3,Nc6,=,2,B,1,,
4,d4,=,3,W,1,,
5,exd4,=,3,B,1,e,d
6,Nxd4,=,4,W,1,N,d
7,Nf6,=,4,B,1,,
8,Nc3,=,5,W,1,,
9,Bb4,=,5,B,1,,
10,Nxc6,=,6,W,1,N,c
11,bxc6,=,6,B,1,b,c
12,Bd3,=,7,W,1,,
13,O-O,=,7,B,1,,
14,O-O,=,8,W,1,,
15,d5,=,8,B,1,,
16,exd5,=,9,W,1,e,d
17,Bg4,=,9,B,1,,
18,f3,=,10,W,1,,
19,Bh5,#5c8bb0,10,B,1,,
20,dxc6,=,11,W,1,d,c
21,Qd4+,#5c8bb0,11,B,1,,
22,Kh1,=,12,W,1,,
23,Bxc3,=,12,B,1,B,c
24,bxc3,=,13,W,1,b,c
25,Qxc3,=,13,B,1,Q,c
26,Rb1,=,14,W,1,,
27,Qxc6,=,14,B,1,Q,c
28,Bb2,=,15,W,1,,
29,Bg6,=,15,B,1,,
30,Bxg6,=,16,W,1,B,g
31,hxg6,=,16,B,1,h,g
32,Qd3,=,17,W,1,,
33,Rfd8,=,17,B,1,,
34,Qc3,=,18,W,1,,
35,Qxc3,=,18,B,1,Q,c
36,Bxc3,=,19,W,1,B,c
37,Nd5,=,19,B,1,,
38,Ba5,=,20,W,1,,
39,Ne3,=,20,B,1,,
40,Rfe1,=,21,W,1,,
41,Nxc2,=,21,B,1,N,c
42,Rec1,=,22,W,1,,
43,Ne3,=,22,B,1,,
44,Rxc7,=,23,W,1,R,c
45,Rab8,=,23,B,1,,
46,Rg1,=,24,W,1,,
47,a6,=,24,B,1,,
48,Re7,=,25,W,1,,
49,Re8,#e6912c,25,B,1,,
50,Rxe8+,=,26,W,1,R,e+
51,Rxe8,=,26,B,1,R,e
52,Re1,#5c8bb0,27,W,1,,
53,Re6,=,27,B,1,,
54,Kg1,=,28,W,1,,
55,Re7,#e6912c,28,B,1,,
56,Bb4,#ee6b55,29,W,1,,
57,Rb7,#5c8bb0,29,B,1,,
58,Rxe3,=,30,W,1,R,e
59,Rxb4,=,30,B,1,R,b
60,Re8+,=,31,W,1,,
61,Kh7,=,31,B,1,,
62,Re4,=,32,W,1,,
63,Rb1+,=,32,B,1,,
64,Kf2,=,33,W,1,,
65,Rb2+,=,33,B,1,,
66,Re2,=,34,W,1,,
67,Rb4,=,34,B,1,,
68,Kg3,=,35,W,1,,
69,Ra4,=,35,B,1,,
70,Rd2,=,36,W,1,,
71,g5,=,36,B,1,,
72,Rc2,=,37,W,1,,
73,f6,=,37,B,1,,
74,Kh3,=,38,W,1,,
75,Kg6,=,38,B,1,,
76,g3,=,39,W,1,,
77,Kh6,=,39,B,1,,
78,Kg2,=,40,W,1,,
79,Kg6,=,40,B,1,,
80,Rd2,=,41,W,1,,
81,Kh6,=,41,B,1,,
82,Rc2,=,42,W,1,,
83,Kg6,=,42,B,1,,
84,Rd2,=,43,W,1,,
85,Kh6,=,43,B,1,,
86,Rc2,=,44,W,1,,
87,e4,=,1,W,2,,
88,d6,=,1,B,2,,
89,Nf3,=,2,W,2,,
90,g6,=,2,B,2,,
91,d4,=,3,W,2,,
92,Bg7,=,3,B,2,,
93,Bd3,=,4,W,2,,
94,Nf6,=,4,B,2,,
95,O-O,=,5,W,2,,
96,Nbd7,=,5,B,2,,
97,Re1,=,6,W,2,,
98,e5,=,6,B,2,,
99,c3,=,7,W,2,,
100,O-O,=,7,B,2,,
101,h3,=,8,W,2,,
102,Re8,=,8,B,2,,
103,Nbd2,=,9,W,2,,
104,b6,=,9,B,2,,
105,Nf1,=,10,W,2,,
106,Bb7,=,10,B,2,,
107,Ng3,=,11,W,2,,
108,exd4,#e6912c,11,B,2,e,d
109,cxd4,=,12,W,2,c,d
110,c5,=,12,B,2,,
111,d5,#5c8bb0,13,W,2,,
112,a6,#e6912c,13,B,2,,
113,a4,=,14,W,2,,
114,Rc8,=,14,B,2,,
115,Bf4,=,15,W,2,,
116,c4,=,15,B,2,,
117,Bc2,=,16,W,2,,
118,Nc5,=,16,B,2,,
119,Qd2,=,17,W,2,,
120,b5,=,17,B,2,,
121,axb5,=,18,W,2,a,b
122,axb5,=,18,B,2,a,b
123,Nd4,#e6912c,19,W,2,,
124,Qb6,#5c8bb0,19,B,2,,
125,Ngf5,#b33430,20,W,2,,
126,Nfxe4,=,20,B,2,Nf,e
127,Qe3,=,21,W,2,,
128,gxf5,#ee6b55,21,B,2,g,f
129,Nxf5,=,22,W,2,N,f
130,Bxb2,=,22,B,2,B,b
131,Bxe4,=,23,W,2,B,e
132,Rxe4,=,23,B,2,R,e
133,Qg3+,#5c8bb0,24,W,2,,
134,Kh8,#5c8bb0,24,B,2,,
135,Nxd6,=,25,W,2,N,d
136,Rf8,=,25,B,2,,
137,Nxe4,=,26,W,2,N,e
138,Nxe4,=,26,B,2,N,e
139,Be5+,#e6912c,27,W,2,,
140,f6,#5c8bb0,27,B,2,,
141,Rxe4,=,28,W,2,R,e
142,Bxe5,=,28,B,2,B,e
143,Rxe5,=,29,W,2,R,e
144,fxe5,=,29,B,2,f,e
145,Rb1,=,30,W,2,,
146,Qd4,=,30,B,2,,
147,Rxb5,=,31,W,2,R,b
148,Bxd5,=,31,B,2,B,d
149,Kh2,=,32,W,2,,
150,c3,=,32,B,2,,
151,Ra5,=,33,W,2,,
152,c2,=,33,B,2,,
153,Ra4,=,34,W,2,,
154,c1=Q,=,34,B,2,,
155,Rxd4,=,35,W,2,R,d
156,exd4,=,35,B,2,e,d
157,Qe5+,=,36,W,2,,
158,Kg8,=,36,B,2,,
159,Qxd5+,=,37,W,2,Q,d+
160,Rf7,=,37,B,2,,
161,Qd8+,=,38,W,2,,
162,Kg7,=,38,B,2,,
163,Qxd4+,=,39,W,2,Q,d+
164,Rf6,=,39,B,2,,
165,Qd7+,=,40,W,2,,
166,Kh6,=,40,B,2,,
167,Qa7,=,41,W,2,,
168,Qf4+,=,41,B,2,,
169,Kg1,=,42,W,2,,
170,Rc6,=,42,B,2,,
171,g3,=,43,W,2,,
172,Qf3,=,43,B,2,,
173,Kh2,=,44,W,2,,
174,Rf6,=,44,B,2,,
175,Kg1,=,45,W,2,,
176,Re6,=,45,B,2,,
177,Kh2,=,46,W,2,,
178,Re2,=,46,B,2,,
179,Qb6+,=,47,W,2,,
180,Kg7,=,47,B,2,,
181,Qc7+,=,48,W,2,,
182,Kf6,=,48,B,2,,
183,Qd6+,=,49,W,2,,
184,Kg7,=,49,B,2,,
185,Qd7+,=,50,W,2,,
186,Kg6,=,50,B,2,,
187,Qd6+,=,51,W,2,,
188,Kg7,=,51,B,2,,
189,Qd7+,=,52,W,2,,
190,Kg6,=,52,B,2,,
191,Qd6+,=,53,W,2,,
192,Kg7,#e6912c,53,B,2,,
193,e4,=,1,W,3,,
194,d5,=,1,B,3,,
195,Nc3,=,2,W,3,,
196,dxe4,=,2,B,3,d,e
197,Nxe4,=,3,W,3,N,e
198,Nf6,=,3,B,3,,
199,Nxf6+,=,4,W,3,N,f+
200,exf6,=,4,B,3,e,f
201,g3,=,5,W,3,,
202,Bd6,=,5,B,3,,
203,Bg2,=,6,W,3,,
204,O-O,=,6,B,3,,
205,Ne2,=,7,W,3,,
206,Re8,=,7,B,3,,
207,O-O,=,8,W,3,,
208,Nc6,=,8,B,3,,
209,h3,=,9,W,3,,
210,Bf5,=,9,B,3,,
211,d3,=,10,W,3,,
212,Qd7,=,10,B,3,,
213,g4,=,11,W,3,,
214,Bg6,=,11,B,3,,
215,Nf4,=,12,W,3,,
216,Bxf4,=,12,B,3,B,f
217,Bxf4,=,13,W,3,B,f
218,Nd4,=,13,B,3,,
219,Be3,=,14,W,3,,
220,c6,=,14,B,3,,
221,Re1,=,15,W,3,,
222,f5,=,15,B,3,,
223,c3,=,16,W,3,,
224,Ne6,=,16,B,3,,
225,d4,=,17,W,3,,
226,f4,=,17,B,3,,
227,Bd2,=,18,W,3,,
228,h6,=,18,B,3,,
229,Qf3,=,19,W,3,,
230,Qd6,=,19,B,3,,
231,Re5,=,20,W,3,,
232,Ng5,#b33430,20,B,3,,
233,Qxf4,=,21,W,3,Q,f
234,Rxe5,#e6912c,21,B,3,R,e
235,Qxe5,=,22,W,3,Q,e
236,Qxe5,=,22,B,3,Q,e
237,dxe5,=,23,W,3,d,e
238,Ne4,=,23,B,3,,
239,Be3,=,24,W,3,,
240,Rd8,=,24,B,3,,
241,f4,=,25,W,3,,
242,f5,=,25,B,3,,
243,exf6,=,26,W,3,e,f
244,Nxf6,=,26,B,3,N,f
245,f5,=,27,W,3,,
246,Bf7,=,27,B,3,,
247,b3,#e6912c,28,W,3,,
248,b6,#e6912c,28,B,3,,
249,c4,=,29,W,3,,
250,c5,=,29,B,3,,
251,Re1,=,30,W,3,,
252,Rd3,=,30,B,3,,
253,Kf2,=,31,W,3,,
254,a5,=,31,B,3,,
255,Ke2,=,32,W,3,,
256,Rd7,=,32,B,3,,
257,Rd1,=,33,W,3,,
258,e4,=,1,W,4,,
259,d6,=,1,B,4,,
260,d4,=,2,W,4,,
261,g6,=,2,B,4,,
262,Nc3,=,3,W,4,,
263,Bg7,=,3,B,4,,
264,Be3,=,4,W,4,,
265,Nf6,=,4,B,4,,
266,f3,=,5,W,4,,
267,c6,=,5,B,4,,
268,Qd2,=,6,W,4,,
269,b5,=,6,B,4,,
270,Bd3,=,7,W,4,,
271,Nbd7,=,7,B,4,,
272,Nh3,=,8,W,4,,
273,e5,=,8,B,4,,
274,dxe5,=,9,W,4,d,e
275,dxe5,#e6912c,9,B,4,d,e
276,Nf2,=,10,W,4,,
277,O-O,=,10,B,4,,
278,a4,=,11,W,4,,
279,b4,=,11,B,4,,
280,Ne2,=,12,W,4,,
281,a5,=,12,B,4,,
282,O-O,=,13,W,4,,
283,Qe7,=,13,B,4,,
284,Rfd1,=,14,W,4,,
285,Nc5,=,14,B,4,,
286,Bc4,=,15,W,4,,
287,Nfd7,#e6912c,15,B,4,,
288,Qd6,#5c8bb0,16,W,4,,
289,Qxd6,=,16,B,4,Q,d
290,Rxd6,=,17,W,4,R,d
291,Re8,=,17,B,4,,
292,Rxc6,=,18,W,4,R,c
293,Bf8,=,18,B,4,,
294,Rd1,=,19,W,4,,
295,Nxa4,=,19,B,4,N,a
296,Bb5,#e6912c,20,W,4,,
297,Nac5,#e6912c,20,B,4,,
298,Bxc5,#ee6b55,21,W,4,B,c
299,Nxc5,=,21,B,4,N,c
300,Rd5,#e6912c,22,W,4,,
301,Ne6,=,22,B,4,,
302,b3,=,23,W,4,,
303,Bb7,#5c8bb0,23,B,4,,
304,Rxe5,=,24,W,4,R,e
305,Reb8,=,24,B,4,,
306,Rb6,=,25,W,4,,
307,Bc5,#ee6b55,25,B,4,,
308,Rbxe6,#5c8bb0,26,W,4,Rb,e
309,Bxf2+,=,26,B,4,B,f+
310,Kxf2,=,27,W,4,K,f
311,fxe6,=,27,B,4,f,e
312,Bc4,=,28,W,4,,
313,Bc8,=,28,B,4,,
314,Nd4,=,29,W,4,,
315,Rb6,=,29,B,4,,
316,Nxe6,=,30,W,4,N,e
317,Bxe6,=,30,B,4,B,e
318,Bxe6+,=,31,W,4,B,e+
319,Kg7,=,31,B,4,,
320,Bc4,#5c8bb0,32,W,4,,
321,Ra7,=,32,B,4,,
322,Ke3,=,33,W,4,,
323,Rc6,=,33,B,4,,
324,Bd3,=,34,W,4,,
325,a4,#e6912c,34,B,4,,
326,bxa4,#5c8bb0,35,W,4,b,a
327,Rxa4,=,35,B,4,R,a
328,Rb5,=,36,W,4,,
329,Rc7,=,36,B,4,,
330,f4,=,37,W,4,,
331,Rd7,#e6912c,37,B,4,,
332,g4,=,38,W,4,,
333,Rc7,=,38,B,4,,
334,h4,=,39,W,4,,
335,Ra3,=,39,B,4,,
336,f5,#e6912c,40,W,4,,
337,Rxc2,=,40,B,4,R,c
338,Rb7+,=,41,W,4,,
339,Kf6,#b33430,41,B,4,,
340,Kd4,#5c8bb0,42,W,4,,
341,Rxd3+,=,42,B,4,R,d+
342,Kxd3,=,43,W,4,K,d
343,Rg2,=,43,B,4,,
344,g5+,=,44,W,4,,
345,Ke5,=,44,B,4,,
346,Re7+,=,45,W,4,,
347,Kd6,=,45,B,4,,
348,f6,=,46,W,4,,
349,b3,=,46,B,4,,
350,Rb7,=,47,W,4,,
351,b2,=,47,B,4,,
352,Kc3,=,48,W,4,,
353,Rg4,=,48,B,4,,
354,Rxb2,=,49,W,4,R,b
355,Rxe4,=,49,B,4,R,e
356,Rb8,=,50,W,4,,
357,Rf4,=,50,B,4,,
358,Rh8,=,51,W,4,,
359,Ke6,=,51,B,4,,
360,Rxh7,=,52,W,4,R,h
361,Ra4,=,52,B,4,,
362,Re7+,=,53,W,4,,
363,Kd5,=,53,B,4,,
364,Rg7,=,54,W,4,,
365,Rxh4,=,54,B,4,R,h
366,Rxg6,=,55,W,4,R,g
367,Rf4,=,55,B,4,,
368,Rg8,=,56,W,4,,
369,Ke6,=,56,B,4,,
370,Re8+,=,57,W,4,,
371,Kd6,=,57,B,4,,
372,g6,=,58,W,4,,
373,Rf3+,=,58,B,4,,
374,Kd4,=,59,W,4,,
375,Rxf6,=,59,B,4,R,f
376,Ke3,#ee6b55,60,W,4,,
377,Rf4,#b33430,60,B,4,,
378,Kxf4,=,61,W,4,K,f
379,Kd7,=,61,B,4,,
380,Re5,=,62,W,4,,
381,e4,=,1,W,5,,
382,e5,=,1,B,5,,
383,Nc3,=,2,W,5,,
384,Nc6,=,2,B,5,,
385,Bc4,=,3,W,5,,
386,Bc5,=,3,B,5,,
387,d3,=,4,W,5,,
388,d6,=,4,B,5,,
389,Nf3,=,5,W,5,,
390,Be6,=,5,B,5,,
391,Bb3,=,6,W,5,,
392,Nf6,=,6,B,5,,
393,O-O,=,7,W,5,,
394,h6,=,7,B,5,,
395,Be3,=,8,W,5,,
396,Bxe3,=,8,B,5,B,e
397,fxe3,=,9,W,5,f,e
398,Qd7,=,9,B,5,,
399,Nh4,=,10,W,5,,
400,Ne7,=,10,B,5,,
401,Qf3,=,11,W,5,,
402,c6,=,11,B,5,,
403,Qg3,=,12,W,5,,
404,Nh5,=,12,B,5,,
405,Qf3,=,13,W,5,,
406,Nf6,=,13,B,5,,
407,Qg3,=,14,W,5,,
408,Nh5,=,14,B,5,,
409,Qf2,=,15,W,5,,
410,Nf6,=,15,B,5,,
411,d4,=,16,W,5,,
412,O-O,=,16,B,5,,
413,Rad1,=,17,W,5,,
414,Qc7,=,17,B,5,,
415,Qg3,=,18,W,5,,
416,Nh5,=,18,B,5,,
417,Qf3,=,19,W,5,,
418,Nf6,#e6912c,19,B,5,,
419,Qg3,#ee6b55,20,W,5,,
420,Nh5,=,20,B,5,,
421,Qf3,=,21,W,5,,
422,Nf6,#e6912c,21,B,5,,
423,Bxe6,=,22,W,5,B,e
424,fxe6,=,22,B,5,f,e
425,Qh3,=,23,W,5,,
426,Qc8,=,23,B,5,,
427,dxe5,#5c8bb0,24,W,5,d,e
428,dxe5,=,24,B,5,d,e
429,Nf3,=,25,W,5,,
430,Ng6,=,25,B,5,,
431,Qg3,=,26,W,5,,
432,Kh7,=,26,B,5,,
433,Nxe5,=,27,W,5,N,e
434,Nxe5,=,27,B,5,N,e
435,Qxe5,=,28,W,5,Q,e
436,Ng4,=,28,B,5,,
437,Qg3,=,29,W,5,,
438,Rxf1+,=,29,B,5,R,f+
439,Rxf1,=,30,W,5,R,f
440,e5,=,30,B,5,,
441,h3,=,31,W,5,,
442,Nf6,=,31,B,5,,
443,Qxe5,=,32,W,5,Q,e
444,Qe8,=,32,B,5,,
445,Qf5+,=,33,W,5,,
446,Qg6,=,33,B,5,,
447,e5,=,34,W,5,,
448,Qxf5,=,34,B,5,Q,f
449,Rxf5,=,35,W,5,R,f
450,Kg6,=,35,B,5,,
451,g4,=,36,W,5,,
452,Nd7,=,36,B,5,,
453,e6,=,37,W,5,,
454,Nb6,=,37,B,5,,
455,Ne2,=,38,W,5,,
456,Nd5,=,38,B,5,,
457,e4,=,39,W,5,,
458,Nc7,=,39,B,5,,
459,Nf4+,=,40,W,5,,
460,Kh7,=,40,B,5,,
461,Rf7,=,41,W,5,,
462,Nb5,=,41,B,5,,
463,Nh5,=,42,W,5,,
464,e4,=,1,W,6,,
465,d6,=,1,B,6,,
466,d4,=,2,W,6,,
467,g6,=,2,B,6,,
468,Nf3,=,3,W,6,,
469,Bg7,=,3,B,6,,
470,Bc4,=,4,W,6,,
471,Nf6,=,4,B,6,,
472,Qe2,=,5,W,6,,
473,c6,=,5,B,6,,
474,Bb3,=,6,W,6,,
475,a5,=,6,B,6,,
476,a4,=,7,W,6,,
477,O-O,=,7,B,6,,
478,h3,=,8,W,6,,
479,e5,=,8,B,6,,
480,dxe5,=,9,W,6,d,e
481,dxe5,=,9,B,6,d,e
482,O-O,=,10,W,6,,
483,Qe7,=,10,B,6,,
484,Na3,=,11,W,6,,
485,Be6,#e6912c,11,B,6,,
486,Bxe6,=,12,W,6,B,e
487,Qxe6,=,12,B,6,Q,e
488,Re1,=,13,W,6,,
489,Nbd7,=,13,B,6,,
490,Qc4,=,14,W,6,,
491,Rfe8,=,14,B,6,,
492,Be3,#e6912c,15,W,6,,
493,Qxc4,#5c8bb0,15,B,6,Q,c
494,Nxc4,=,16,W,6,N,c
495,Nxe4,=,16,B,6,N,e
496,Rad1,=,17,W,6,,
497,Ndc5,=,17,B,6,,
498,Nb6,=,18,W,6,,
499,Ra6,=,18,B,6,,
500,Nd7,#ee6b55,19,W,6,,
501,Nxa4,=,19,B,6,N,a
502,Bc1,=,20,W,6,,
503,Nac5,=,20,B,6,,
504,Nfxe5,=,21,W,6,Nf,e
505,Bxe5,=,21,B,6,B,e
506,Nxe5,=,22,W,6,N,e
507,Rxe5,=,22,B,6,R,e
508,Rd8+,=,23,W,6,,
509,Kg7,=,23,B,6,,
510,f3,=,24,W,6,,
511,Rd5,=,24,B,6,,
512,Rxd5,=,25,W,6,R,d
513,cxd5,=,25,B,6,c,d
514,Be3,=,26,W,6,,
515,Rc6,=,26,B,6,,
516,Bd4+,=,27,W,6,,
517,f6,=,27,B,6,,
518,fxe4,=,28,W,6,f,e
519,dxe4,=,28,B,6,d,e
520,Bxc5,=,29,W,6,B,c
521,Rxc5,=,29,B,6,R,c
522,Rxe4,=,30,W,6,R,e
523,Kf7,=,30,B,6,,
524,b4,=,31,W,6,,
525,axb4,#5c8bb0,31,B,6,a,b
526,Rxb4,=,32,W,6,R,b
527,b5,=,32,B,6,,
528,Rb2,=,33,W,6,,
529,Ke6,=,33,B,6,,
530,Ra2,=,34,W,6,,
531,Kd5,=,34,B,6,,
532,Kf2,=,35,W,6,,
533,Kc4,=,35,B,6,,
534,Ra3,=,36,W,6,,
535,Kb4,=,36,B,6,,
536,Rb3+,=,37,W,6,,
537,Ka4,=,37,B,6,,
538,Rb2,=,38,W,6,,
539,b4,=,38,B,6,,
540,Ra2+,=,39,W,6,,
541,Kb5,=,39,B,6,,
542,Ke3,=,40,W,6,,
543,Rc3+,=,40,B,6,,
544,Kd4,=,41,W,6,,
545,Rg3,=,41,B,6,,
546,Rb2,=,42,W,6,,
547,f5,=,42,B,6,,
548,c4+,=,43,W,6,,
549,Ka4,=,43,B,6,,
550,c5,=,44,W,6,,
551,Ka3,=,44,B,6,,
552,Re2,=,45,W,6,,
553,b3,=,45,B,6,,
554,c6,=,46,W,6,,
555,b2,#5c8bb0,46,B,6,,
556,c7,=,47,W,6,,
557,b1=Q,=,47,B,6,,
558,c8=Q,=,48,W,6,,
559,Qd3+,=,48,B,6,,
560,Ke5,=,49,W,6,,
561,Qxe2+,=,49,B,6,Q,e+
562,Kf6,=,50,W,6,,
563,Qb2+,=,50,B,6,,
564,Kf7,=,51,W,6,,
565,Qb3+,=,51,B,6,,
566,Kg7,=,52,W,6,,
567,Rc3,=,52,B,6,,
568,Qa8+,=,53,W,6,,
569,Kb2,=,53,B,6,,
570,e4,=,1,W,7,,
571,Nf6,=,1,B,7,,
572,Nc3,=,2,W,7,,
573,d5,=,2,B,7,,
574,e5,=,3,W,7,,
575,Ne4,=,3,B,7,,
576,Nce2,=,4,W,7,,
577,f6,=,4,B,7,,
578,exf6,#e6912c,5,W,7,e,f
579,exf6,=,5,B,7,e,f
580,d4,#e6912c,6,W,7,,
581,Bd6,#ee6b55,6,B,7,,
582,g3,#ee6b55,7,W,7,,
583,O-O,=,7,B,7,,
584,Bg2,=,8,W,7,,
585,Re8,=,8,B,7,,
586,Nf3,=,9,W,7,,
587,Nd7,=,9,B,7,,
588,O-O,=,10,W,7,,
589,c6,=,10,B,7,,
590,b3,=,11,W,7,,
591,Nf8,=,11,B,7,,
592,c4,=,12,W,7,,
593,Bf5,=,12,B,7,,
594,Bb2,=,13,W,7,,
595,Qd7,=,13,B,7,,
596,Rc1,=,14,W,7,,
597,Bh3,=,14,B,7,,
598,cxd5,=,15,W,7,c,d
599,cxd5,=,15,B,7,c,d
600,Nc3,=,16,W,7,,
601,Nxc3,=,16,B,7,N,c
602,Rxc3,=,17,W,7,R,c
603,Bxg2,=,17,B,7,B,g
604,Kxg2,=,18,W,7,K,g
605,Ng6,=,18,B,7,,
606,Qd2,#b33430,19,W,7,,
607,Qg4,#ee6b55,19,B,7,,
608,h3,=,20,W,7,,
609,Qf5,=,20,B,7,,
610,Qd3,=,21,W,7,,
611,Qxd3,=,21,B,7,Q,d
612,Rxd3,=,22,W,7,R,d
613,Rac8,=,22,B,7,,
614,Rfd1,=,23,W,7,,
615,Re2,=,23,B,7,,
616,R3d2,=,24,W,7,,
617,Rxd2,=,24,B,7,R,d
618,Rxd2,=,25,W,7,R,d
619,Kf7,=,25,B,7,,
620,Re2,=,26,W,7,,
621,Ne7,=,26,B,7,,
622,Ne1,=,27,W,7,,
623,g5,=,27,B,7,,
624,Rc2,=,28,W,7,,
625,h5,=,28,B,7,,
626,Rxc8,=,29,W,7,R,c
627,Nxc8,=,29,B,7,N,c
628,g4,=,30,W,7,,
629,h4,=,30,B,7,,
630,Nc2,=,31,W,7,,
631,Ne7,=,31,B,7,,
632,Ne3,=,32,W,7,,
633,Ke6,=,32,B,7,,
634,Kf3,=,33,W,7,,
635,Ng6,=,33,B,7,,
636,Ng2,=,34,W,7,,
637,Bf4,=,34,B,7,,
638,Bc3,=,35,W,7,,
639,b5,=,35,B,7,,
640,a4,=,36,W,7,,
641,a6,=,36,B,7,,
642,Ke2,=,37,W,7,,
643,Bd6,=,37,B,7,,
644,Kd3,=,38,W,7,,
645,f5,=,38,B,7,,
646,f3,#5c8bb0,39,W,7,,
647,Bg3,=,39,B,7,,
648,Bd2,=,40,W,7,,
649,f4,=,40,B,7,,
650,Ba5,=,41,W,7,,
651,Ne7,=,41,B,7,,
652,Bd8,#e6912c,42,W,7,,
653,Kd7,#ee6b55,42,B,7,,
654,Bxe7,=,43,W,7,B,e
655,Kxe7,=,43,B,7,K,e
656,axb5,#5c8bb0,44,W,7,a,b
657,axb5,=,44,B,7,a,b
658,Ke2,=,45,W,7,,
659,b4,=,45,B,7,,
660,Ne1,=,46,W,7,,
661,Bxe1,=,46,B,7,B,e
662,Kxe1,=,47,W,7,K,e
663,Kd6,=,47,B,7,,
664,Ke2,=,48,W,7,,
665,Kc6,=,48,B,7,,
666,Kd3,=,49,W,7,,
667,Kd6,=,49,B,7,,
668,Kd2,=,50,W,7,,
669,Kc6,=,50,B,7,,
670,Kd1,=,51,W,7,,
671,Kd6,=,51,B,7,,
672,Kc1,=,52,W,7,,
673,Kc6,=,52,B,7,,
674,Kc2,=,53,W,7,,
675,Kd6,=,53,B,7,,
676,Kb2,=,54,W,7,,
677,Kc6,=,54,B,7,,
678,Kb1,=,55,W,7,,
679,Kd6,=,55,B,7,,
680,Ka2,=,56,W,7,,
681,Kc6,=,56,B,7,,
682,Ka1,=,57,W,7,,
683,Kd6,=,57,B,7,,
684,Kb1,=,58,W,7,,
685,Kc6,=,58,B,7,,
686,Kc1,=,59,W,7,,
687,Kd6,=,59,B,7,,
688,Kd1,=,60,W,7,,
689,Kc6,=,60,B,7,,
690,Ke1,=,61,W,7,,
691,Kd6,=,61,B,7,,
692,Kf1,=,62,W,7,,
693,Kc6,=,62,B,7,,
694,Kg1,=,63,W,7,,
695,Kd6,=,63,B,7,,
696,Kh1,=,64,W,7,,
697,Kc6,=,64,B,7,,
698,Kh2,=,65,W,7,,
699,Kd6,=,65,B,7,,
700,Kg2,=,66,W,7,,
701,Kc6,=,66,B,7,,
702,Kf2,=,67,W,7,,
703,Kd6,=,67,B,7,,
704,Ke2,=,68,W,7,,
705,Kc6,=,68,B,7,,
706,Kd2,=,69,W,7,,
707,Kd6,=,69,B,7,,
708,Kd1,=,70,W,7,,
709,Kc6,=,70,B,7,,
710,Ke1,=,71,W,7,,
711,Kd6,=,71,B,7,,
712,e4,=,1,W,8,,
713,d6,=,1,B,8,,
714,d4,=,2,W,8,,
715,g6,=,2,B,8,,
716,Nc3,=,3,W,8,,
717,Bg7,=,3,B,8,,
718,f4,=,4,W,8,,
719,a6,=,4,B,8,,
720,Nf3,=,5,W,8,,
721,b5,=,5,B,8,,
722,Bd3,=,6,W,8,,
723,Nd7,=,6,B,8,,
724,Be3,=,7,W,8,,
725,Bb7,=,7,B,8,,
726,e5,=,8,W,8,,
727,Nh6,=,8,B,8,,
728,Be4,=,9,W,8,,
729,Qc8,=,9,B,8,,
730,Qd3,=,10,W,8,,
731,Nb6,=,10,B,8,,
732,O-O,#b33430,11,W,8,,
733,Nc4,#ee6b55,11,B,8,,
734,b3,=,12,W,8,,
735,Nxe3,=,12,B,8,N,e
736,Qxe3,=,13,W,8,Q,e
737,Nf5,=,13,B,8,,
738,Qf2,=,14,W,8,,
739,b4,=,14,B,8,,
740,Nd5,=,15,W,8,,
741,e6,=,15,B,8,,
742,Bxf5,=,16,W,8,B,f
743,Bxd5,=,16,B,8,B,d
744,Bd3,=,17,W,8,,
745,O-O,=,17,B,8,,
746,Rae1,=,18,W,8,,
747,c5,=,18,B,8,,
748,dxc5,=,19,W,8,d,c
749,dxc5,=,19,B,8,d,c
750,Be4,=,20,W,8,,
751,c4,=,20,B,8,,
752,Bxd5,=,21,W,8,B,d
753,exd5,=,21,B,8,e,d
754,Rd1,=,22,W,8,,
755,Rd8,=,22,B,8,,
756,Rfe1,=,23,W,8,,
757,Bf8,=,23,B,8,,
758,Kh1,=,24,W,8,,
759,Bc5,#e6912c,24,B,8,,
760,Qh4,=,25,W,8,,
761,Qc7,=,25,B,8,,
762,Ng5,=,26,W,8,,
763,h5,=,26,B,8,,
764,f5,=,27,W,8,,
765,d4,=,27,B,8,,
766,e6,=,28,W,8,,
767,f6,=,28,B,8,,
768,Nf7,=,29,W,8,,
769,Kg7,=,29,B,8,,
770,Nxd8,=,30,W,8,N,d
771,Rxd8,=,30,B,8,R,d
772,fxg6,=,31,W,8,f,g
773,Rd5,=,31,B,8,,
774,bxc4,=,32,W,8,b,c
775,Rg5,=,32,B,8,,
776,Qe4,=,33,W,8,,
777,Re5,=,33,B,8,,
778,Qf3,=,34,W,8,,
779,a5,=,34,B,8,,
780,Rxe5,=,35,W,8,R,e
781,Qxe5,=,35,B,8,Q,e
782,Qd5,=,36,W,8,,
783,Qe2,=,36,B,8,,
784,Rg1,=,37,W,8,,
785,d3,=,37,B,8,,
786,Qxc5,=,38,W,8,Q,c
787,dxc2,=,38,B,8,d,c
788,Qe7+,=,39,W,8,,
789,Kxg6,=,39,B,8,K,g
790,Qf7+,=,40,W,8,,
791,Kf5,=,40,B,8,,
792,e7,=,41,W,8,,
793,Qd1,=,41,B,8,,
794,e8=Q,=,42,W,8,,
795,Qxg1+,=,42,B,8,Q,g+
796,Kxg1,=,43,W,8,K,g
797,c1=Q+,=,43,B,8,,
798,Kf2,=,44,W,8,,
799,Qf4+,=,44,B,8,,
800,Ke2,=,45,W,8,,
801,Qxc4+,=,45,B,8,Q,c+
802,Kd2,=,46,W,8,,
803,Qc3+,=,46,B,8,,
804,Ke2,=,47,W,8,,
805,Qc4+,=,47,B,8,,
806,Qxc4,=,48,W,8,Q,c
807,e4,=,1,W,9,,
808,e6,=,1,B,9,,
809,Nc3,=,2,W,9,,
810,d5,=,2,B,9,,
811,Nf3,=,3,W,9,,
812,Nf6,=,3,B,9,,
813,d3,=,4,W,9,,
814,dxe4,=,4,B,9,d,e
815,Nxe4,=,5,W,9,N,e
816,Nxe4,=,5,B,9,N,e
817,dxe4,=,6,W,9,d,e
818,Qxd1+,=,6,B,9,Q,d+
819,Kxd1,=,7,W,9,K,d
820,b6,=,7,B,9,,
821,Be3,=,8,W,9,,
822,Bb7,=,8,B,9,,
823,Nd2,=,9,W,9,,
824,Nd7,=,9,B,9,,
825,f3,=,10,W,9,,
826,Bc5,=,10,B,9,,
827,Bxc5,=,11,W,9,B,c
828,Nxc5,=,11,B,9,N,c
829,c3,=,12,W,9,,
830,Ke7,=,12,B,9,,
831,Kc2,=,13,W,9,,
832,Rad8,=,13,B,9,,
833,Re1,=,14,W,9,,
834,g5,=,14,B,9,,
835,Nb3,=,15,W,9,,
836,Nxb3,=,15,B,9,N,b
837,axb3,=,16,W,9,a,b
838,a5,=,16,B,9,,
839,Bd3,=,17,W,9,,
840,h5,=,17,B,9,,
841,h4,=,18,W,9,,
842,g4,=,18,B,9,,
843,fxg4,=,19,W,9,f,g
844,hxg4,=,19,B,9,h,g
845,g3,=,20,W,9,,
846,Rh5,=,20,B,9,,
847,Rhf1,=,21,W,9,,
848,Re5,=,21,B,9,,
849,Rf4,=,22,W,9,,
850,Rg8,=,22,B,9,,
851,Ref1,=,23,W,9,,
852,Rg7,=,23,B,9,,
853,Kd2,=,24,W,9,,
854,b5,#e6912c,24,B,9,,
855,b4,=,25,W,9,,
856,axb4,#e6912c,25,B,9,a,b
857,cxb4,=,26,W,9,c,b
858,c5,=,26,B,9,,
859,bxc5,=,27,W,9,b,c
860,Rxc5,=,27,B,9,R,c
861,b4,=,28,W,9,,
862,Re5,=,28,B,9,,
863,Ke3,#e6912c,29,W,9,,
864,f5,#5c8bb0,29,B,9,,
865,Kd4,=,30,W,9,,
866,Kf6,#5c8bb0,30,B,9,,
867,exf5,=,31,W,9,e,f
868,Rd7+,#e6912c,31,B,9,,
869,Kc3,=,32,W,9,,
870,Re3,#e6912c,32,B,9,,
871,fxe6+,#5c8bb0,33,W,9,f,e+
872,Kxe6,=,33,B,9,K,e
873,Rf6+,#5c8bb0,34,W,9,,
874,Ke7,=,34,B,9,,
875,Rf7+,#5c8bb0,35,W,9,,
876,Kd8,=,35,B,9,,
877,Rxd7+,=,36,W,9,R,d+
878,Kxd7,=,36,B,9,K,d
879,Rf7+,=,37,W,9,,
880,Kc8,=,37,B,9,,
881,h5,=,38,W,9,,
882,Rxg3,=,38,B,9,R,g
883,Kd4,#5c8bb0,39,W,9,,
884,Rh3,=,39,B,9,,
885,Bf5+,=,40,W,9,,
886,Kb8,=,40,B,9,,
887,Rh7,#5c8bb0,41,W,9,,
888,Rh4,=,41,B,9,,
889,Be4,#e6912c,42,W,9,,
890,g3,#b33430,42,B,9,,
891,Rxb7+,=,43,W,9,R,b+
892,d4,=,1,W,10,,
893,d6,=,1,B,10,,
894,c4,=,2,W,10,,
895,Nf6,=,2,B,10,,
896,Nc3,=,3,W,10,,
897,g6,=,3,B,10,,
898,Nf3,=,4,W,10,,
899,Bg7,=,4,B,10,,
900,g3,=,5,W,10,,
901,O-O,=,5,B,10,,
902,Bg2,=,6,W,10,,
903,Nc6,=,6,B,10,,
904,O-O,=,7,W,10,,
905,e5,=,7,B,10,,
906,dxe5,=,8,W,10,d,e
907,dxe5,=,8,B,10,d,e
908,Bg5,=,9,W,10,,
909,Qxd1,=,9,B,10,Q,d
910,Rfxd1,=,10,W,10,Rf,d
911,h6,=,10,B,10,,
912,Bxf6,=,11,W,10,B,f
913,Bxf6,=,11,B,10,B,f
914,Nd5,=,12,W,10,,
915,Bd8,=,12,B,10,,
916,Nd2,=,13,W,10,,
917,Re8,=,13,B,10,,
918,Ne4,=,14,W,10,,
919,Kg7,=,14,B,10,,
920,e3,=,15,W,10,,
921,f5,=,15,B,10,,
922,Nec3,=,16,W,10,,
923,Ne7,=,16,B,10,,
924,Nb5,=,17,W,10,,
925,Nxd5,#5c8bb0,17,B,10,N,d
926,cxd5,=,18,W,10,c,d
927,a6,=,18,B,10,,
928,Nxc7,=,19,W,10,N,c
929,Bxc7,=,19,B,10,B,c
930,d6,#5c8bb0,20,W,10,,
931,Bxd6,#e6912c,20,B,10,B,d
932,Rxd6,=,21,W,10,R,d
933,Re7,=,21,B,10,,
934,Rd8,=,22,W,10,,
935,Rd7,#e6912c,22,B,10,,
936,Rd1,#ee6b55,23,W,10,,
937,Rxd1+,=,23,B,10,R,d+
938,Rxd1,=,24,W,10,R,d
939,Be6,#5c8bb0,24,B,10,,
940,a3,=,25,W,10,,
941,e4,=,25,B,10,,
942,Rd6,=,26,W,10,,
943,Kf7,=,26,B,10,,
944,Rb6,=,27,W,10,,
945,Bd5,=,27,B,10,,
946,g4,=,28,W,10,,
947,Rc8,=,28,B,10,,
948,h3,=,29,W,10,,
949,fxg4,=,29,B,10,f,g
950,hxg4,=,30,W,10,h,g
951,Bc6,=,30,B,10,,
952,Rb4,=,31,W,10,,
953,Re8,=,31,B,10,,
954,Kh2,=,32,W,10,,
955,g5,=,32,B,10,,
956,Kg3,=,33,W,10,,
957,Kf6,=,33,B,10,,
958,Rd4,=,34,W,10,,
959,Ke5,=,34,B,10,,
960,b4,=,35,W,10,,
961,Re6,=,35,B,10,,
962,Bf1,=,36,W,10,,
963,Rd6,=,36,B,10,,
964,Rxd6,=,37,W,10,R,d
965,Kxd6,=,37,B,10,K,d
966,Bc4,=,38,W,10,,
967,Ke5,=,38,B,10,,
968,Bb3,=,39,W,10,,
969,Bd7,=,39,B,10,,
970,Bc4,=,40,W,10,,
971,Be6,=,40,B,10,,
972,Be2,=,41,W,10,,
973,Bb3,=,41,B,10,,
974,f4+,=,42,W,10,,
975,exf3,=,42,B,10,e,f
976,Bxf3,=,43,W,10,B,f
977,b6,=,43,B,10,,
978,Be2,=,44,W,10,,
979,a5,=,44,B,10,,
980,bxa5,=,45,W,10,b,a
981,bxa5,=,45,B,10,b,a
982,Kf2,#e6912c,46,W,10,,
983,Bd5,#ee6b55,46,B,10,,
984,Bd3,=,47,W,10,,
985,Be6,=,47,B,10,,
986,Kf3,=,48,W,10,,
987,Kd5,=,48,B,10,,
988,Bb1,=,49,W,10,,
989,Kc5,=,49,B,10,,
990,Bd3,=,50,W,10,,
991,Bd5+,=,50,B,10,,
992,Kf2,=,51,W,10,,
993,Bc6,=,51,B,10,,
994,Kg3,=,52,W,10,,
995,Bd7,=,52,B,10,,
996,Kf3,=,53,W,10,,
997,Bc6+,=,53,B,10,,
998,Kg3,=,54,W,10,,
999,Be8,=,54,B,10,,
1000,Kf3,=,55,W,10,,
1001,Kd5,=,55,B,10,,
1002,Kg3,=,56,W,10,,
1003,Ke5,=,56,B,10,,
1004,Kf3,=,57,W,10,,
1005,Bd7,=,57,B,10,,
1006,Kg3,=,58,W,10,,
1007,Bc6,=,58,B,10,,
1008,Kf2,=,59,W,10,,
1009,Bd5,=,59,B,10,,
1010,Kg3,=,60,W,10,,
1011,Bf7,=,60,B,10,,
1012,Kf2,=,61,W,10,,
1013,h5,=,61,B,10,,
1014,gxh5,=,62,W,10,g,h
1015,Bxh5,=,62,B,10,B,h
1016,Kg3,=,63,W,10,,
1017,Be8,=,63,B,10,,
1018,Kg4,=,64,W,10,,
1019,Kf6,=,64,B,10,,
1020,e4,=,65,W,10,,
1021,Bd7+,=,65,B,10,,
1022,Kh5,=,66,W,10,,
1023,g4,=,66,B,10,,
1024,Kh4,#5c8bb0,67,W,10,,
1025,Ke5,=,67,B,10,,
1026,Kg3,#5c8bb0,68,W,10,,
1027,Kd4,=,68,B,10,,
1028,Be2,=,69,W,10,,
1029,Kxe4,=,69,B,10,K,e
1030,Bxg4,=,70,W,10,B,g
1031,Be8,=,70,B,10,,
1032,Be6,=,71,W,10,,
1033,Kd4,=,71,B,10,,
1034,Kf4,=,72,W,10,,
1035,Kc3,=,72,B,10,,
1036,Ke3,=,73,W,10,,
1037,Kb2,=,73,B,10,,
1038,Kd2,=,74,W,10,,
1039,Kxa3,=,74,B,10,K,a
1040,Kc3,=,75,W,10,,
1041,Bc6,=,75,B,10,,
1042,Bc4,=,76,W,10,,
1043,Bd7,=,76,B,10,,
1044,Bb3,=,77,W,10,,
1045,Bb5,=,77,B,10,,
1046,Bc2,=,78,W,10,,
1047,Bf1,=,78,B,10,,
1048,Kd2,=,79,W,10,,
1049,Bg2,=,79,B,10,,
1050,Kc1,=,80,W,10,,
1051,Kb4,=,80,B,10,,
1052,Kb1,=,81,W,10,,
1053,Bc6,=,81,B,10,,
1054,Ka1,=,82,W,10,,
1055,Ba4,=,82,B,10,,
1056,Bb1,=,83,W,10,,
1057,Bb3,=,83,B,10,,
1058,Bc2,=,84,W,10,,
1059,Bc4,=,84,B,10,,
1060,Bb1,=,85,W,10,,
1061,Bd5,=,85,B,10,,
1062,Kb2,=,86,W,10,,
1063,Bc6,=,86,B,10,,
1064,Ka1,=,87,W,10,,
1065,Ba4,=,87,B,10,,
1066,Kb2,=,88,W,10,,
1067,Bd1,=,88,B,10,,
1068,Ka1,=,89,W,10,,
1069,Be2,=,89,B,10,,
1070,Kb2,=,90,W,10,,
1071,Bg4,=,90,B,10,,
1072,Ka1,=,91,W,10,,
1073,Bh5,=,91,B,10,,
1074,Kb2,=,92,W,10,,
1075,Bf7,=,92,B,10,,
1076,Ka1,=,93,W,10,,
1077,a4,=,93,B,10,,
1078,Kb2,=,94,W,10,,
1079,Be8,=,94,B,10,,
1080,Bc2,=,95,W,10,,
1081,a3+,=,95,B,10,,
1082,Ka1,=,96,W,10,,
1083,Bd7,=,96,B,10,,
1084,Kb1,=,97,W,10,,
1085,Bc6,=,97,B,10,,
1086,Ka1,=,98,W,10,,
1087,Be4,=,98,B,10,,
1088,Kb1,=,99,W,10,,
1089,Bxc2+,=,99,B,10,B,c+
1090,Ka1,=,100,W,10,,
1091,Ba4,=,100,B,10,,
1092,Kb1,=,101,W,10,,
1093,Bb5,=,101,B,10,,
1094,Ka1,=,102,W,10,,
1095,Ba6,=,102,B,10,,
1096,Kb1,=,103,W,10,,
1097,Bb7,=,103,B,10,,
1098,Ka1,=,104,W,10,,
1099,Bc8,=,104,B,10,,
1100,Kb1,=,105,W,10,,
1101,Bd7,=,105,B,10,,
1102,Ka1,=,106,W,10,,
1103,Bc6,=,106,B,10,,
1104,Kb1,=,107,W,10,,
1105,Bd5,=,107,B,10,,
1106,Ka1,#5c8bb0,108,W,10,,
1107,Be4,=,108,B,10,,
1108,Ka2,=,109,W,10,,
1109,Bf5,=,109,B,10,,
1110,Ka1,=,110,W,10,,
1111,Be6,=,110,B,10,,
1112,Kb1,=,111,W,10,,
1113,Bd7,=,111,B,10,,
1114,Ka1,=,112,W,10,,
1115,Be8,=,112,B,10,,
1116,Kb1,=,113,W,10,,
1117,Bg6+,=,113,B,10,,
1118,Ka1,=,114,W,10,,
1119,Bh7,=,114,B,10,,
1120,Ka2,=,115,W,10,,
1121,Bg8+,=,115,B,10,,
1122,e4,=,1,W,11,,
1123,Nf6,=,1,B,11,,
1124,Nc3,=,2,W,11,,
1125,e5,=,2,B,11,,
1126,Nf3,=,3,W,11,,
1127,Nc6,=,3,B,11,,
1128,d4,=,4,W,11,,
1129,exd4,=,4,B,11,e,d
1130,Nxd4,=,5,W,11,N,d
1131,Bc5,=,5,B,11,,
1132,Nb3,=,6,W,11,,
1133,Bb6,=,6,B,11,,
1134,Bd3,=,7,W,11,,
1135,O-O,=,7,B,11,,
1136,O-O,=,8,W,11,,
1137,d6,=,8,B,11,,
1138,Bg5,=,9,W,11,,
1139,Re8,#e6912c,9,B,11,,
1140,Nd5,=,10,W,11,,
1141,Be6,=,10,B,11,,
1142,Nxf6+,=,11,W,11,N,f+
1143,gxf6,=,11,B,11,g,f
1144,Bh4,=,12,W,11,,
1145,Ne5,=,12,B,11,,
1146,Kh1,=,13,W,11,,
1147,Ng6,#5c8bb0,13,B,11,,
1148,Bg3,=,14,W,11,,
1149,Bd7,#e6912c,14,B,11,,
1150,Qh5,#5c8bb0,15,W,11,,
1151,Bc6,=,15,B,11,,
1152,Rae1,=,16,W,11,,
1153,d5,=,16,B,11,,
1154,exd5,=,17,W,11,e,d
1155,Qxd5,#e6912c,17,B,11,Q,d
1156,Qxd5,=,18,W,11,Q,d
1157,Bxd5,=,18,B,11,B,d
1158,c4,=,19,W,11,,
1159,Be6,=,19,B,11,,
1160,c5,#5c8bb0,20,W,11,,
1161,Red8,=,20,B,11,,
1162,Bxg6,=,21,W,11,B,g
1163,Bxb3,=,21,B,11,B,b
1164,cxb6,=,22,W,11,c,b
1165,axb6,=,22,B,11,a,b
1166,Bxh7+,#1baca6,23,W,11,B,h+
1167,Kxh7,=,23,B,11,K,h
1168,axb3,=,24,W,11,a,b
1169,Rd7,=,24,B,11,,
1170,Rd1,=,25,W,11,,
1171,e4,=,1,W,12,,
1172,g6,=,1,B,12,,
1173,d4,=,2,W,12,,
1174,Bg7,=,2,B,12,,
1175,Nf3,=,3,W,12,,
1176,d6,=,3,B,12,,
1177,Bc4,=,4,W,12,,
1178,Nf6,=,4,B,12,,
1179,Qe2,=,5,W,12,,
1180,O-O,=,5,B,12,,
1181,Bb3,=,6,W,12,,
1182,Nc6,=,6,B,12,,
1183,h3,=,7,W,12,,
1184,e5,=,7,B,12,,
1185,dxe5,=,8,W,12,d,e
1186,dxe5,=,8,B,12,d,e
1187,c3,=,9,W,12,,
1188,Qe7,=,9,B,12,,
1189,O-O,=,10,W,12,,
1190,Be6,=,10,B,12,,
1191,Bg5,=,11,W,12,,
1192,h6,=,11,B,12,,
1193,Bxf6,=,12,W,12,B,f
1194,Bxf6,=,12,B,12,B,f
1195,Nbd2,=,13,W,12,,
1196,Rfd8,=,13,B,12,,
1197,Rfd1,=,14,W,12,,
1198,Na5,=,14,B,12,,
1199,Bxe6,=,15,W,12,B,e
1200,Qxe6,=,15,B,12,Q,e
1201,Qb5,=,16,W,12,,
1202,b6,=,16,B,12,,
1203,b4,=,17,W,12,,
1204,a6,=,17,B,12,,
1205,Qe2,=,18,W,12,,
1206,Nb7,=,18,B,12,,
1207,Qc4,=,19,W,12,,
1208,Qe7,=,19,B,12,,
1209,Qc6,=,20,W,12,,
1210,Nd6,=,20,B,12,,
1211,Nc4,=,21,W,12,,
1212,Nb5,=,21,B,12,,
1213,Ne3,=,22,W,12,,
1214,Qe6,=,22,B,12,,
1215,Qxe6,=,23,W,12,Q,e
1216,fxe6,=,23,B,12,f,e
1217,Rxd8+,=,24,W,12,R,d+
1218,Rxd8,=,24,B,12,R,d
1219,Rc1,=,25,W,12,,
1220,Nd6,=,25,B,12,,
1221,Ng4,=,26,W,12,,
1222,Kg7,=,26,B,12,,
1223,Nxf6,=,27,W,12,N,f
1224,Kxf6,=,27,B,12,K,f
1225,Nd2,=,28,W,12,,
1226,Nb5,=,28,B,12,,
1227,Nb1,=,29,W,12,,
1228,Nd6,=,29,B,12,,
1229,f3,=,30,W,12,,
1230,Nc4,=,30,B,12,,
1231,Kf2,=,31,W,12,,
1232,Rc8,=,31,B,12,,
1233,Ke2,=,32,W,12,,
1234,c5,=,32,B,12,,
1235,Nd2,=,33,W,12,,
1236,Nd6,=,33,B,12,,
1237,bxc5,=,34,W,12,b,c
1238,Rxc5,=,34,B,12,R,c
1239,c4,=,35,W,12,,
1240,b5,=,35,B,12,,
1241,Kd3,=,36,W,12,,
1242,bxc4+,=,36,B,12,b,c+
1243,Nxc4,=,37,W,12,N,c
1244,Rc8,=,37,B,12,,
1245,Rc2,=,38,W,12,,
1246,Nb5,=,38,B,12,,
1247,a4,=,39,W,12,,
1248,Rd8+,=,39,B,12,,
1249,Ke3,=,40,W,12,,
1250,Nd4,=,40,B,12,,
1251,Rd2,=,41,W,12,,
1252,Rc8,=,41,B,12,,
1253,Nxe5,=,42,W,12,N,e
1254,Nc2+,=,42,B,12,,
1255,Kf4,#b33430,43,W,12,,
1256,g5+,#5c8bb0,43,B,12,,
1257,Kg4,=,44,W,12,,
1258,Kxe5,=,44,B,12,K,e
1259,Kh5,=,45,W,12,,
1260,Ne3,=,45,B,12,,
1261,Kxh6,=,46,W,12,K,h
1262,Kf6,=,46,B,12,,
1263,e5+,=,47,W,12,,
1264,Kf5,=,47,B,12,,
1265,Rd6,=,48,W,12,,
1266,Nxg2,=,48,B,12,N,g
1267,Rxa6,=,49,W,12,R,a
1268,Nf4,=,49,B,12,,
1269,Ra7,=,50,W,12,,
1270,Rh8+,=,50,B,12,,
1271,Kg7,=,51,W,12,,
1272,Rxh3,=,51,B,12,R,h
1273,a5,=,52,W,12,,
1274,Rxf3,=,52,B,12,R,f
1275,a6,=,53,W,12,,
1276,Ra3,=,53,B,12,,
1277,Ra8,=,54,W,12,,
1278,g4,=,54,B,12,,
1279,a7,=,55,W,12,,
1280,Ke4,=,55,B,12,,
1281,Kh6,=,56,W,12,,
1282,g3,=,56,B,12,,
1283,e4,=,1,W,13,,
1284,c5,=,1,B,13,,
1285,Nc3,=,2,W,13,,
1286,e6,=,2,B,13,,
1287,f4,=,3,W,13,,
1288,d5,=,3,B,13,,
1289,Nf3,=,4,W,13,,
1290,a6,=,4,B,13,,
1291,d4,=,5,W,13,,
1292,Nf6,=,5,B,13,,
1293,e5,=,6,W,13,,
1294,Ne4,=,6,B,13,,
1295,Be3,#ee6b55,7,W,13,,
1296,Nc6,=,7,B,13,,
1297,dxc5,=,8,W,13,d,c
1298,Qa5,=,8,B,13,,
1299,Bd2,#e6912c,9,W,13,,
1300,Nxd2,#5c8bb0,9,B,13,N,d
1301,Nxd2,#e6912c,10,W,13,N,d
1302,Qxc5,#ee6b55,10,B,13,Q,c
1303,Bd3,#ee6b55,11,W,13,,
1304,Qe3+,#5c8bb0,11,B,13,,
1305,Ne2,=,12,W,13,,
1306,Bc5,#e6912c,12,B,13,,
1307,Rf1,=,13,W,13,,
1308,Nd4,#e6912c,13,B,13,,
1309,Nb3,=,14,W,13,,
1310,Nxe2,=,14,B,13,N,e
1311,Qxe2,=,15,W,13,Q,e
1312,Bb6,=,15,B,13,,
1313,Qxe3,=,16,W,13,Q,e
1314,Bxe3,=,16,B,13,B,e
1315,Ke2,=,17,W,13,,
1316,Bb6,=,17,B,13,,
1317,c4,#e6912c,18,W,13,,
1318,dxc4,=,18,B,13,d,c
1319,Bxc4,=,19,W,13,B,c
1320,Bd7,=,19,B,13,,
1321,Bd3,=,20,W,13,,
1322,Ke7,=,20,B,13,,
1323,Rac1,=,21,W,13,,
1324,Rhd8,=,21,B,13,,
1325,g3,=,22,W,13,,
1326,Rac8,=,22,B,13,,
1327,Rxc8,=,23,W,13,R,c
1328,Rxc8,=,23,B,13,R,c
1329,Rc1,=,24,W,13,,
1330,Rxc1,=,24,B,13,R,c
1331,Nxc1,=,25,W,13,N,c
1332,Bc6,=,25,B,13,,
1333,Nb3,=,26,W,13,,
1334,h6,=,26,B,13,,
1335,Nd2,=,27,W,13,,
1336,f6,=,27,B,13,,
1337,Be4,=,28,W,13,,
1338,Bb5+,=,28,B,13,,
1339,Bd3,=,29,W,13,,
1340,Bd7,=,29,B,13,,
1341,Be4,=,30,W,13,,
1342,fxe5,=,30,B,13,f,e
1343,fxe5,=,31,W,13,f,e
1344,Bd4,=,31,B,13,,
1345,Nf3,=,32,W,13,,
1346,Bb5+,=,32,B,13,,
1347,Kd2,=,33,W,13,,
1348,Bxb2,=,33,B,13,B,b
1349,Bxb7,=,34,W,13,B,b
1350,a5,=,34,B,13,,
1351,Kc2,=,35,W,13,,
1352,Ba3,=,35,B,13,,
1353,Be4,=,36,W,13,,
1354,Bc4,=,36,B,13,,
1355,Kb1,=,37,W,13,,
1356,Kd7,=,37,B,13,,
1357,g4,#e6912c,38,W,13,,
1358,g5,=,38,B,13,,
1359,h4,=,39,W,13,,
1360,gxh4,=,39,B,13,g,h
1361,Nxh4,=,40,W,13,N,h
1362,Bc5,=,40,B,13,,
1363,Nf3,=,41,W,13,,
1364,a4,#e6912c,41,B,13,,
1365,g5,#5c8bb0,42,W,13,,
1366,hxg5,=,42,B,13,h,g
1367,Nxg5,=,43,W,13,N,g
1368,a3,=,43,B,13,,
1369,Nf3,=,44,W,13,,
1370,Be3,=,44,B,13,,
1371,Bc2,=,45,W,13,,
1372,Be2,=,45,B,13,,
1373,Ne1,=,46,W,13,,
1374,Bd4,=,46,B,13,,
1375,Ba4+,=,47,W,13,,
1376,Kc7,=,47,B,13,,
1377,Nc2,=,48,W,13,,
1378,Bb2,=,48,B,13,,
1379,Bb3,=,49,W,13,,
1380,Bg4,=,49,B,13,,
1381,Ne3,=,50,W,13,,
1382,Bh3,=,50,B,13,,
1383,Kc2,=,51,W,13,,
1384,Bxe5,=,51,B,13,B,e
1385,Nc4,=,52,W,13,,
1386,Bd6,=,52,B,13,,
1387,Nxd6,=,53,W,13,N,d
1388,Kxd6,=,53,B,13,K,d
1389,Kc3,=,54,W,13,,
1390,Kc5,=,54,B,13,,
1391,Bc2,=,55,W,13,,
1392,e5,=,55,B,13,,
1393,Kb3,#5c8bb0,56,W,13,,
1394,Kd4,=,56,B,13,,
1395,Kxa3,=,57,W,13,K,a
1396,Kc3,=,57,B,13,,
1397,Bg6,=,58,W,13,,
1398,Bf1,=,58,B,13,,
1399,Ka4,=,59,W,13,,
1400,Bd3,=,59,B,13,,
1401,Bh5,=,60,W,13,,
1402,e4,=,60,B,13,,
1403,Ka5,#5c8bb0,61,W,13,,
1404,e3,=,61,B,13,,
1405,Kb6,=,62,W,13,,
1406,Kb4,=,62,B,13,,
1407,a3+,=,63,W,13,,
1408,Kxa3,=,63,B,13,K,a
1409,Kc5,=,64,W,13,,
1410,Kb3,=,64,B,13,,
1411,Kd4,=,65,W,13,,
1412,Kc2,=,65,B,13,,
1413,Kxe3,=,66,W,13,K,e
1414,e4,=,1,W,14,,
1415,g6,=,1,B,14,,
1416,Nc3,=,2,W,14,,
1417,Bg7,=,2,B,14,,
1418,d4,=,3,W,14,,
1419,d6,=,3,B,14,,
1420,Nf3,=,4,W,14,,
1421,a6,=,4,B,14,,
1422,h3,=,5,W,14,,
1423,Nf6,=,5,B,14,,
1424,Be3,=,6,W,14,,
1425,O-O,=,6,B,14,,
1426,Bd3,=,7,W,14,,
1427,Nc6,=,7,B,14,,
1428,O-O,=,8,W,14,,
1429,e5,=,8,B,14,,
1430,dxe5,=,9,W,14,d,e
1431,Nxe5,=,9,B,14,N,e
1432,Nxe5,=,10,W,14,N,e
1433,dxe5,=,10,B,14,d,e
1434,Bc4,=,11,W,14,,
1435,Re8,=,11,B,14,,
1436,Qxd8,=,12,W,14,Q,d
1437,Rxd8,=,12,B,14,R,d
1438,Rfd1,=,13,W,14,,
1439,Re8,=,13,B,14,,
1440,f3,=,14,W,14,,
1441,Be6,=,14,B,14,,
1442,Bxe6,=,15,W,14,B,e
1443,Rxe6,=,15,B,14,R,e
1444,Kf2,=,16,W,14,,
1445,Bf8,=,16,B,14,,
1446,Na4,=,17,W,14,,
1447,b5,=,17,B,14,,
1448,Nc5,=,18,W,14,,
1449,Rc6,=,18,B,14,,
1450,b4,=,19,W,14,,
1451,a5,=,19,B,14,,
1452,a3,=,20,W,14,,
1453,axb4,=,20,B,14,a,b
1454,axb4,=,21,W,14,a,b
1455,Rxa1,=,21,B,14,R,a
1456,Rxa1,=,22,W,14,R,a
1457,Bxc5,#5c8bb0,22,B,14,B,c
1458,bxc5,=,23,W,14,b,c
1459,Kg7,=,23,B,14,,
1460,Ra5,=,24,W,14,,
1461,b4,#e6912c,24,B,14,,
1462,Rb5,#ee6b55,25,W,14,,
1463,Nd7,=,25,B,14,,
1464,Ke2,=,26,W,14,,
1465,Ra6,=,26,B,14,,
1466,Rxb4,#e6912c,27,W,14,R,b
1467,Nf8,=,27,B,14,,
1468,Kd3,=,28,W,14,,
1469,Ne6,=,28,B,14,,
1470,Kc4,=,29,W,14,,
1471,Ra2,=,29,B,14,,
1472,Kd5,=,30,W,14,,
1473,Rxc2,=,30,B,14,R,c
1474,Kxe5,=,31,W,14,K,e
1475,Rxg2,=,31,B,14,R,g
1476,f4,=,32,W,14,,
1477,Rg3,=,32,B,14,,
1478,Bf2,=,33,W,14,,
1479,Rf3,=,33,B,14,,
1480,f5,=,34,W,14,,
1481,gxf5,=,34,B,14,g,f
1482,exf5,=,35,W,14,e,f
1483,Rxf2,=,35,B,14,R,f
1484,fxe6,=,36,W,14,f,e
1485,Re2+,=,36,B,14,,
1486,Kd5,=,37,W,14,,
1487,Rxe6,=,37,B,14,R,e
1488,c6,=,38,W,14,,
1489,Rd6+,=,38,B,14,,
1490,Kc5,#5c8bb0,39,W,14,,
1491,Re6,=,39,B,14,,
1492,Rd4,=,40,W,14,,
1493,Re7,=,40,B,14,,
1494,Rd7,=,41,W,14,,
1495,Kf6,=,41,B,14,,
1496,Kd5,#e6912c,42,W,14,,
1497,h5,#ee6b55,42,B,14,,
1498,h4,#ee6b55,43,W,14,,
1499,Re5+,#ee6b55,43,B,14,,
1500,Kd4,=,44,W,14,,
1501,Re7,=,44,B,14,,
1502,Kd5,#e6912c,45,W,14,,
1503,Re5+,#ee6b55,45,B,14,,
1504,Kd4,=,46,W,14,,
1505,Re7,=,46,B,14,,
1506,Kd5,#e6912c,47,W,14,,
1507,e4,=,1,W,15,,
1508,d5,=,1,B,15,,
1509,Nc3,=,2,W,15,,
1510,dxe4,=,2,B,15,d,e
1511,Nxe4,=,3,W,15,N,e
1512,Nf6,=,3,B,15,,
1513,Ng3,=,4,W,15,,
1514,h5,=,4,B,15,,
1515,Bc4,=,5,W,15,,
1516,h4,=,5,B,15,,
1517,Nf1,=,6,W,15,,
1518,Nc6,=,6,B,15,,
1519,Ne3,=,7,W,15,,
1520,h3,=,7,B,15,,
1521,g3,#e6912c,8,W,15,,
1522,e5,#5c8bb0,8,B,15,,
1523,d3,=,9,W,15,,
1524,Bc5,=,9,B,15,,
1525,Ne2,=,10,W,15,,
1526,Bxe3,=,10,B,15,B,e
1527,Bxe3,=,11,W,15,B,e
1528,Bg4,=,11,B,15,,
1529,O-O,=,12,W,15,,
1530,Qd7,#e6912c,12,B,15,,
1531,f3,=,13,W,15,,
1532,Be6,=,13,B,15,,
1533,Bb3,=,14,W,15,,
1534,O-O-O,=,14,B,15,,
1535,Bf2,=,15,W,15,,
1536,a6,=,15,B,15,,
1537,Nc3,=,16,W,15,,
1538,Bxb3,=,16,B,15,B,b
1539,axb3,=,17,W,15,a,b
1540,Rhe8,=,17,B,15,,
1541,Ne4,=,18,W,15,,
1542,Nxe4,=,18,B,15,N,e
1543,fxe4,=,19,W,15,f,e
1544,f5,#5c8bb0,19,B,15,,
1545,exf5,#b33430,20,W,15,e,f
1546,Qd5,#5c8bb0,20,B,15,,
1547,e4,=,1,W,16,,
1548,g6,=,1,B,16,,
1549,d4,=,2,W,16,,
1550,Bg7,=,2,B,16,,
1551,Nf3,=,3,W,16,,
1552,d6,=,3,B,16,,
1553,Bd3,=,4,W,16,,
1554,a6,=,4,B,16,,
1555,O-O,=,5,W,16,,
1556,Nf6,=,5,B,16,,
1557,Re1,=,6,W,16,,
1558,O-O,=,6,B,16,,
1559,h3,=,7,W,16,,
1560,Nc6,=,7,B,16,,
1561,c3,=,8,W,16,,
1562,e5,=,8,B,16,,
1563,Nbd2,=,9,W,16,,
1564,b6,=,9,B,16,,
1565,Nf1,=,10,W,16,,
1566,Bb7,=,10,B,16,,
1567,Ng3,=,11,W,16,,
1568,Re8,=,11,B,16,,
1569,a3,=,12,W,16,,
1570,h6,=,12,B,16,,
1571,d5,=,13,W,16,,
1572,Nb8,=,13,B,16,,
1573,c4,=,14,W,16,,
1574,a5,=,14,B,16,,
1575,Rb1,=,15,W,16,,
1576,Nbd7,=,15,B,16,,
1577,b4,=,16,W,16,,
1578,axb4,=,16,B,16,a,b
1579,axb4,=,17,W,16,a,b
1580,c6,=,17,B,16,,
1581,Be3,=,18,W,16,,
1582,Qc7,=,18,B,16,,
1583,Qd2,=,19,W,16,,
1584,Kh7,=,19,B,16,,
1585,Rec1,=,20,W,16,,
1586,c5,=,20,B,16,,
1587,bxc5,=,21,W,16,b,c
1588,bxc5,=,21,B,16,b,c
1589,Bc2,=,22,W,16,,
1590,Nb6,=,22,B,16,,
1591,Bd3,=,23,W,16,,
1592,Nfd7,=,23,B,16,,
1593,h4,=,24,W,16,,
1594,Ra4,=,24,B,16,,
1595,h5,=,25,W,16,,
1596,Ba6,=,25,B,16,,
1597,Qe2,=,26,W,16,,
1598,Rb4,#e6912c,26,B,16,,
1599,Ra1,#ee6b55,27,W,16,,
1600,Ra4,#e6912c,27,B,16,,
1601,Rxa4,=,28,W,16,R,a
1602,Nxa4,=,28,B,16,N,a
1603,Nh4,#e6912c,29,W,16,,
1604,Nab6,#b33430,29,B,16,,
1605,hxg6+,=,30,W,16,h,g+
1606,fxg6,=,30,B,16,f,g
1607,Nxg6,#1baca6,31,W,16,N,g
1608,Nf6,=,31,B,16,,
1609,Nh4,=,32,W,16,,
1610,Bc8,=,32,B,16,,
1611,Nhf5,=,33,W,16,,
1612,Rg8,=,33,B,16,,
1613,Qf3,=,34,W,16,,
1614,Bf8,=,34,B,16,,
1615,Nxh6,=,35,W,16,N,h
1616,Bxh6,=,35,B,16,B,h
1617,Bxh6,=,36,W,16,B,h
1618,Rg6,=,36,B,16,,
1619,Bd2,=,37,W,16,,
1620,Bg4,=,37,B,16,,
1621,Qe3,=,38,W,16,,
1622,Qf7,=,38,B,16,,
1623,Nf5,=,39,W,16,,
1624,Qf8,=,39,B,16,,
1625,Qg3,=,40,W,16,,
1626,Bxf5,=,40,B,16,B,f
1627,Qh4+,=,41,W,16,,
1628,Kg8,=,41,B,16,,
1629,exf5,=,42,W,16,e,f
1630,Rg4,=,42,B,16,,
1631,Qh3,=,43,W,16,,
1632,Nbd7,=,43,B,16,,
1633,Be2,=,44,W,16,,
1634,Rd4,=,44,B,16,,
1635,Be3,=,45,W,16,,
1636,Re4,=,45,B,16,,
1637,Bd3,=,46,W,16,,
1638,Rxe3,=,46,B,16,R,e
1639,Qxe3,=,47,W,16,Q,e
1640,Qg7,=,47,B,16,,
1641,Qg3,=,48,W,16,,
1642,e4,=,48,B,16,,
1643,Qxg7+,=,49,W,16,Q,g+
1644,Kxg7,=,49,B,16,K,g
1645,Be2,=,50,W,16,,
1646,Kh6,=,50,B,16,,
1647,g4,=,51,W,16,,
1648,Kg5,=,51,B,16,,
1649,Rb1,=,52,W,16,,
1650,Ne5,=,52,B,16,,
1651,Rb6,=,53,W,16,,
1652,Nfxg4,=,53,B,16,Nf,g
1653,Bxg4,=,54,W,16,B,g
1654,Nxg4,=,54,B,16,N,g
1655,Rxd6,=,55,W,16,R,d
1656,Kxf5,=,55,B,16,K,f
1657,Rc6,=,56,W,16,,
1658,Ke5,=,56,B,16,,
1659,Rxc5,=,57,W,16,R,c
1660,Kd4,=,57,B,16,,
1661,d6,=,58,W,16,,
1662,Kxc5,=,58,B,16,K,c
1663,d7,=,59,W,16,,
1664,Ne5,=,59,B,16,,
1665,d8=Q,=,60,W,16,,
1666,Kxc4,=,60,B,16,K,c
1667,Kg2,=,61,W,16,,
1668,Nd3,=,61,B,16,,
1669,Qb6,=,62,W,16,,
1670,Kd5,=,62,B,16,,
1671,Qe3,=,63,W,16,,
1672,Ke5,=,63,B,16,,
1673,Kg3,=,64,W,16,,
1674,Kd5,=,64,B,16,,
1675,f4,=,65,W,16,,
1676,Nc5,=,65,B,16,,
1677,f5,=,66,W,16,,
1678,Nd7,=,66,B,16,,
1679,Kf4,=,67,W,16,,
1680,Nf6,=,67,B,16,,
1681,Qd2+,=,68,W,16,,
1682,Kc4,=,68,B,16,,
1683,Ke5,=,69,W,16,,
1684,e3,=,69,B,16,,
1685,Qc2+,=,70,W,16,,
1686,Kb5,=,70,B,16,,
1687,Kxf6,=,71,W,16,K,f
1688,Nf3,=,1,W,17,,
1689,Nf6,=,1,B,17,,
1690,b3,=,2,W,17,,
1691,g6,=,2,B,17,,
1692,Bb2,=,3,W,17,,
1693,Bg7,=,3,B,17,,
1694,e3,=,4,W,17,,
1695,O-O,=,4,B,17,,
1696,d4,=,5,W,17,,
1697,d6,=,5,B,17,,
1698,Be2,=,6,W,17,,
1699,e5,=,6,B,17,,
1700,O-O,=,7,W,17,,
1701,exd4,=,7,B,17,e,d
1702,Nxd4,=,8,W,17,N,d
1703,Re8,=,8,B,17,,
1704,c4,=,9,W,17,,
1705,Nc6,=,9,B,17,,
1706,Nc3,=,10,W,17,,
1707,Nxd4,=,10,B,17,N,d
1708,exd4,=,11,W,17,e,d
1709,Bf5,=,11,B,17,,
1710,Bf3,=,12,W,17,,
1711,c6,=,12,B,17,,
1712,Qd2,=,13,W,17,,
1713,d5,=,13,B,17,,
1714,cxd5,=,14,W,17,c,d
1715,Nxd5,=,14,B,17,N,d
1716,Nxd5,=,15,W,17,N,d
1717,cxd5,=,15,B,17,c,d
1718,Rfe1,=,16,W,17,,
1719,Be4,=,16,B,17,,
1720,Be2,=,17,W,17,,
1721,Qd7,=,17,B,17,,
1722,f3,=,18,W,17,,
1723,Bf5,=,18,B,17,,
1724,Bf1,=,19,W,17,,
1725,h5,=,19,B,17,,
1726,Rac1,=,20,W,17,,
1727,a6,=,20,B,17,,
1728,Rxe8+,=,21,W,17,R,e+
1729,Rxe8,=,21,B,17,R,e
1730,Re1,=,22,W,17,,
1731,Rc8,=,22,B,17,,
1732,Rc1,=,23,W,17,,
1733,Rc6,=,23,B,17,,
1734,Rxc6,=,24,W,17,R,c
1735,Qxc6,=,24,B,17,Q,c
1736,Qc3,=,25,W,17,,
1737,Qe6,=,25,B,17,,
1738,Qd2,=,26,W,17,,
1739,Bf6,=,26,B,17,,
1740,Kf2,=,27,W,17,,
1741,Qe7,=,27,B,17,,
1742,Qe3,=,28,W,17,,
1743,Qc7,=,28,B,17,,
1744,g3,=,29,W,17,,
1745,Qc2+,=,29,B,17,,
1746,Qe2,=,30,W,17,,
1747,Qb1,=,30,B,17,,
1748,Bc3,=,31,W,17,,
1749,Bc2,=,31,B,17,,
1750,b4,=,32,W,17,,
1751,Qxa2,=,32,B,17,Q,a
1752,Qd2,=,33,W,17,,
1753,Qb3,=,33,B,17,,
1754,Be2,=,34,W,17,,
1755,Kg7,=,34,B,17,,
1756,h3,=,35,W,17,,
1757,Bf5,=,35,B,17,,
1758,g4,=,36,W,17,,
1759,hxg4,=,36,B,17,h,g
1760,hxg4,=,37,W,17,h,g
1761,Be6,=,37,B,17,,
1762,Qe3,=,38,W,17,,
1763,Bh4+,=,38,B,17,,
1764,Kg2,=,39,W,17,,
1765,Qc2,=,39,B,17,,
1766,Bd2,=,40,W,17,,
1767,Kg8,=,40,B,17,,
1768,Qc3,=,41,W,17,,
1769,Qxc3,=,41,B,17,Q,c
1770,Bxc3,=,42,W,17,B,c
1771,Be7,=,42,B,17,,
1772,b5,=,43,W,17,,
1773,Bc8,=,43,B,17,,
1774,bxa6,=,44,W,17,b,a
1775,bxa6,=,44,B,17,b,a
1776,Ba5,=,45,W,17,,
1777,Bf6,=,45,B,17,,
1778,Bb6,=,46,W,17,,
1779,a5,=,46,B,17,,
1780,Bb5,=,47,W,17,,
1781,Be6,=,47,B,17,,
1782,Kf2,=,48,W,17,,
1783,Kg7,=,48,B,17,,
1784,Ke3,=,49,W,17,,
1785,Bg5+,=,49,B,17,,
1786,f4,=,50,W,17,,
1787,Be7,=,50,B,17,,
1788,g5,=,51,W,17,,
1789,Bb4,=,51,B,17,,
1790,Bc6,=,52,W,17,,
1791,Kf8,=,52,B,17,,
1792,Bd8,=,53,W,17,,
1793,Bf5,=,53,B,17,,
1794,Bxd5,=,54,W,17,B,d
1795,a4,=,54,B,17,,
1796,Bb6,=,55,W,17,,
1797,a3,=,55,B,17,,
1798,Ba2,=,56,W,17,,
1799,Ke7,=,56,B,17,,
1800,d5,=,57,W,17,,
1801,Kd6,=,57,B,17,,
1802,Kd4,=,58,W,17,,
1803,Bd7,=,58,B,17,,
1804,Ba7,=,59,W,17,,
1805,Kc7,=,59,B,17,,
1806,Bc5,=,60,W,17,,
1807,Bxc5+,=,60,B,17,B,c+
1808,Kxc5,=,61,W,17,K,c
1809,Bf5,=,61,B,17,,
1810,d6+,=,62,W,17,,
1811,Kd7,=,62,B,17,,
1812,Bxf7,=,63,W,17,B,f
1813,Be6,=,63,B,17,,
1814,Bxe6+,=,64,W,17,B,e+
1815,Kxe6,=,64,B,17,K,e
1816,Kc6,=,65,W,17,,
1817,a2,=,65,B,17,,
1818,d7,=,66,W,17,,
1819,a1=Q,=,66,B,17,,
1820,d8=Q,=,67,W,17,,
1821,Qc3+,=,67,B,17,,
1822,Kb7,=,68,W,17,,
1823,Qb4+,=,68,B,17,,
1824,Kc8,=,69,W,17,,
1825,Qc5+,=,69,B,17,,
1826,Kb7,=,70,W,17,,
1827,Qb5+,=,70,B,17,,
1828,Kc8,=,71,W,17,,
1829,Qc6+,=,71,B,17,,
1830,Kb8,=,72,W,17,,
1831,Qd6+,=,72,B,17,,
1832,Kc8,=,73,W,17,,
1833,Qc6+,=,73,B,17,,
1834,Kb8,=,74,W,17,,
1835,Qd6+,=,74,B,17,,
1836,Kc8,=,75,W,17,,
1837,Qc6+,=,75,B,17,,
1838,e4,=,1,W,18,,
1839,g6,=,1,B,18,,
1840,Nc3,=,2,W,18,,
1841,Bg7,=,2,B,18,,
1842,d4,=,3,W,18,,
1843,d6,=,3,B,18,,
1844,Nf3,=,4,W,18,,
1845,Nc6,=,4,B,18,,
1846,Be3,=,5,W,18,,
1847,Nf6,=,5,B,18,,
1848,h3,=,6,W,18,,
1849,e5,#e6912c,6,B,18,,
1850,dxe5,#5c8bb0,7,W,18,d,e
1851,Nxe5,=,7,B,18,N,e
1852,Nxe5,=,8,W,18,N,e
1853,dxe5,=,8,B,18,d,e
1854,Qxd8+,=,9,W,18,Q,d+
1855,Kxd8,=,9,B,18,K,d
1856,O-O-O+,=,10,W,18,,
1857,Bd7,=,10,B,18,,
1858,Bc4,=,11,W,18,,
1859,Ke8,=,11,B,18,,
1860,Nb5,#e6912c,12,W,18,,
1861,Bxb5,#5c8bb0,12,B,18,B,b
1862,Bxb5+,=,13,W,18,B,b+
1863,c6,#5c8bb0,13,B,18,,
1864,Bd3,=,14,W,18,,
1865,h5,=,14,B,18,,
1866,Kb1,=,15,W,18,,
1867,Bh6,=,15,B,18,,
1868,Bc5,=,16,W,18,,
1869,Bf8,=,16,B,18,,
1870,Be3,=,17,W,18,,
1871,Bh6,=,17,B,18,,
1872,Bc5,=,18,W,18,,
1873,Bf8,=,18,B,18,,
1874,Be3,=,19,W,18,,
1875,Bh6,=,19,B,18,,
1876,e4,=,1,W,19,,
1877,c6,=,1,B,19,,
1878,Nc3,=,2,W,19,,
1879,d5,=,2,B,19,,
1880,Nf3,=,3,W,19,,
1881,a6,=,3,B,19,,
1882,d4,=,4,W,19,,
1883,Bg4,=,4,B,19,,
1884,h3,=,5,W,19,,
1885,Bh5,=,5,B,19,,
1886,Be2,=,6,W,19,,
1887,e6,=,6,B,19,,
1888,O-O,=,7,W,19,,
1889,Nf6,=,7,B,19,,
1890,exd5,=,8,W,19,e,d
1891,cxd5,=,8,B,19,c,d
1892,Ne5,=,9,W,19,,
1893,Bxe2,=,9,B,19,B,e
1894,Nxe2,=,10,W,19,N,e
1895,Bd6,=,10,B,19,,
1896,Nd3,=,11,W,19,,
1897,O-O,=,11,B,19,,
1898,Bf4,=,12,W,19,,
1899,Nc6,=,12,B,19,,
1900,c3,=,13,W,19,,
1901,Re8,=,13,B,19,,
1902,Bxd6,=,14,W,19,B,d
1903,Qxd6,=,14,B,19,Q,d
1904,Re1,=,15,W,19,,
1905,e5,=,15,B,19,,
1906,dxe5,=,16,W,19,d,e
1907,Nxe5,=,16,B,19,N,e
1908,Nxe5,=,17,W,19,N,e
1909,Rxe5,=,17,B,19,R,e
1910,Nd4,=,18,W,19,,
1911,Rxe1+,=,18,B,19,R,e+
1912,Qxe1,=,19,W,19,Q,e
1913,Re8,=,19,B,19,,
1914,Qd2,=,20,W,19,,
1915,g6,=,20,B,19,,
1916,Re1,=,21,W,19,,
1917,Rxe1+,=,21,B,19,R,e+
1918,Qxe1,=,22,W,19,Q,e
1919,Kg7,=,22,B,19,,
1920,f3,=,23,W,19,,
1921,Nd7,=,23,B,19,,
1922,Qd2,=,24,W,19,,
1923,Nc5,=,24,B,19,,
1924,Kf2,=,25,W,19,,
1925,Ne6,=,25,B,19,,
1926,Ne2,=,26,W,19,,
1927,Qb6+,=,26,B,19,,
1928,Nd4,=,27,W,19,,
1929,Nxd4,=,27,B,19,N,d
1930,Qxd4+,=,28,W,19,Q,d+
1931,Qxd4+,=,28,B,19,Q,d+
1932,cxd4,=,29,W,19,c,d
1933,Kf6,=,29,B,19,,
1934,g4,=,30,W,19,,
1935,Ke6,=,30,B,19,,
1936,Ke3,=,31,W,19,,
1937,g5,=,31,B,19,,
1938,Kd3,=,32,W,19,,
1939,f5,=,32,B,19,,
1940,Kc3,=,33,W,19,,
1941,fxg4,=,33,B,19,f,g
1942,fxg4,=,34,W,19,f,g
1943,Kd6,=,34,B,19,,
1944,Kb4,=,35,W,19,,
1945,b6,#5c8bb0,35,B,19,,
1946,a4,=,36,W,19,,
1947,Kc6,=,36,B,19,,
1948,a5,=,37,W,19,,
1949,b5,=,37,B,19,,
1950,Kc3,=,38,W,19,,
1951,h6,=,38,B,19,,
1952,b4,=,39,W,19,,
1953,Kd6,=,39,B,19,,
1954,Kd3,=,40,W,19,,
1955,Ke6,=,40,B,19,,
1956,Ke3,=,41,W,19,,
1957,Kd6,=,41,B,19,,
1958,Kf3,=,42,W,19,,
1959,Ke6,=,42,B,19,,
1960,Kg3,=,43,W,19,,
1961,Kf6,=,43,B,19,,
1962,Kg2,=,44,W,19,,
1963,Kg6,=,44,B,19,,
1964,Kg1,=,45,W,19,,
1965,h5,=,45,B,19,,
1966,Kf1,=,46,W,19,,
1967,h4,=,46,B,19,,
1968,Ke1,=,47,W,19,,
1969,Kf6,=,47,B,19,,
1970,Kd1,=,48,W,19,,
1971,Kg6,=,48,B,19,,
1972,Kc1,=,49,W,19,,
1973,Kf6,=,49,B,19,,
1974,Kb1,=,50,W,19,,
1975,Kg6,=,50,B,19,,
1976,Ka1,=,51,W,19,,
1977,Kf6,=,51,B,19,,
1978,Ka2,=,52,W,19,,
1979,Kg6,=,52,B,19,,
1980,Ka3,=,53,W,19,,
1981,Kf6,=,53,B,19,,
1982,Kb3,=,54,W,19,,
1983,Kg6,=,54,B,19,,
1984,Kc3,=,55,W,19,,
1985,Kf6,=,55,B,19,,
1986,Kd3,=,56,W,19,,
1987,Ke6,=,56,B,19,,
1988,Ke3,=,57,W,19,,
1989,Kf6,=,57,B,19,,
1990,Kf3,=,58,W,19,,
1991,Ke6,=,58,B,19,,
1992,Kf2,=,59,W,19,,
1993,Kf6,=,59,B,19,,
1994,Kg2,=,60,W,19,,
1995,Ke6,=,60,B,19,,
1996,Kh2,=,61,W,19,,
1997,Kf6,=,61,B,19,,
1998,Kh1,=,62,W,19,,
1999,Ke6,=,62,B,19,,
2000,Kg1,=,63,W,19,,
2001,Kf6,=,63,B,19,,
2002,Kf1,=,64,W,19,,
2003,Ke6,=,64,B,19,,
2004,Ke1,=,65,W,19,,
2005,Kf6,=,65,B,19,,
2006,Kd1,=,66,W,19,,
2007,Ke6,=,66,B,19,,
2008,Kc1,=,67,W,19,,
2009,Kf6,=,67,B,19,,
2010,Kb1,=,68,W,19,,
2011,Ke6,=,68,B,19,,
2012,Ka1,=,69,W,19,,
2013,Kf6,=,69,B,19,,
2014,Ka2,=,70,W,19,,
2015,Ke6,=,70,B,19,,
2016,Ka3,=,71,W,19,,
2017,Kf6,=,71,B,19,,
2018,Kb3,=,72,W,19,,
2019,Ke6,=,72,B,19,,
2020,Kc3,=,73,W,19,,
2021,Kf6,=,73,B,19,,
2022,Kd3,=,74,W,19,,
2023,Ke6,=,74,B,19,,
2024,Ke3,=,75,W,19,,
2025,Kf6,=,75,B,19,,
2026,Kf3,=,76,W,19,,
2027,Ke6,=,76,B,19,,
2028,Kf2,=,77,W,19,,
2029,Kf6,=,77,B,19,,
2030,Kg2,=,78,W,19,,
2031,Ke6,=,78,B,19,,
2032,Kh2,=,79,W,19,,
2033,Kf6,=,79,B,19,,
2034,Kh1,=,80,W,19,,
2035,Ke6,=,80,B,19,,
2036,Kg1,=,81,W,19,,
2037,Kf6,=,81,B,19,,
2038,Kf1,=,82,W,19,,
2039,Ke6,=,82,B,19,,
2040,Ke1,=,83,W,19,,
2041,Kf6,=,83,B,19,,
2042,e4,=,1,W,20,,
2043,g6,=,1,B,20,,
2044,d4,=,2,W,20,,
2045,Bg7,=,2,B,20,,
2046,Nc3,=,3,W,20,,
2047,d6,=,3,B,20,,
2048,f4,=,4,W,20,,
2049,a6,=,4,B,20,,
2050,Nf3,=,5,W,20,,
2051,b5,=,5,B,20,,
2052,Bd3,=,6,W,20,,
2053,Nd7,=,6,B,20,,
2054,e5,=,7,W,20,,
2055,Bb7,=,7,B,20,,
2056,Be4,=,8,W,20,,
2057,Qc8,=,8,B,20,,
2058,Qe2,=,9,W,20,,
2059,Nb6,=,9,B,20,,
2060,O-O,=,10,W,20,,
2061,Nh6,=,10,B,20,,
2062,a4,=,11,W,20,,
2063,b4,=,11,B,20,,
2064,Bxb7,#5c8bb0,12,W,20,B,b
2065,Qxb7,=,12,B,20,Q,b
2066,Ne4,=,13,W,20,,
2067,O-O,=,13,B,20,,
2068,h3,#e6912c,14,W,20,,
2069,Rad8,#ee6b55,14,B,20,,
2070,g4,#ee6b55,15,W,20,,
2071,f5,=,15,B,20,,
2072,Neg5,=,16,W,20,,
2073,fxg4,=,16,B,20,f,g
2074,hxg4,=,17,W,20,h,g
2075,Qc8,#5c8bb0,17,B,20,,
2076,Nh2,=,18,W,20,,
2077,c5,=,18,B,20,,
2078,a5,=,19,W,20,,
2079,Nd5,=,19,B,20,,
2080,Qc4,=,20,W,20,,
2081,e6,=,20,B,20,,
2082,Re1,#e6912c,21,W,20,,
2083,cxd4,#ee6b55,21,B,20,c,d
2084,Qxc8,=,22,W,20,Q,c
2085,Rxc8,=,22,B,20,R,c
2086,Nxe6,=,23,W,20,N,e
2087,Rfe8,#e6912c,23,B,20,,
2088,Nxg7,#ee6b55,24,W,20,N,g
2089,Kxg7,=,24,B,20,K,g
2090,Nf3,#e6912c,25,W,20,,
2091,Nxg4,=,25,B,20,N,g
2092,Nxd4,#e6912c,26,W,20,N,d
2093,dxe5,=,26,B,20,d,e
2094,fxe5,=,27,W,20,f,e
2095,Nxe5,=,27,B,20,N,e
2096,Bd2,=,28,W,20,,
2097,Rc4,=,28,B,20,,
2098,c3,=,29,W,20,,
2099,bxc3,=,29,B,20,b,c
2100,bxc3,=,30,W,20,b,c
2101,Nxc3,=,30,B,20,N,c
2102,Rac1,=,31,W,20,,
2103,Nf3+,#ee6b55,31,B,20,,
2104,Nxf3,=,32,W,20,N,f
2105,Ne2+,#e6912c,32,B,20,,
2106,Kf2,#5c8bb0,33,W,20,,
2107,Nxc1,=,33,B,20,N,c
2108,Rxe8,=,34,W,20,R,e
2109,Nb3,=,34,B,20,,
2110,Be3,#e6912c,35,W,20,,
2111,Ra4,#ee6b55,35,B,20,,
2112,Re7+,#5c8bb0,36,W,20,,
2113,Kf6,=,36,B,20,,
2114,Rxh7,#e6912c,37,W,20,R,h
2115,Ra2+,=,37,B,20,,
2116,Kg3,=,38,W,20,,
2117,Rxa5,=,38,B,20,R,a
2118,Bg5+,=,39,W,20,,
2119,Rxg5+,=,39,B,20,R,g+
2120,Nxg5,=,40,W,20,N,g
2121,Kxg5,=,40,B,20,K,g
2122,Ra7,=,41,W,20,,
2123,Nc5,=,41,B,20,,
2124,Rc7,=,42,W,20,,
2125,Ne4+,=,42,B,20,,
2126,Kf3,=,43,W,20,,
2127,Kf5,=,43,B,20,,
2128,Rc6,=,44,W,20,,
2129,a5,=,44,B,20,,
2130,Ke3,=,45,W,20,,
2131,g5,=,45,B,20,,
2132,Ra6,=,46,W,20,,
2133,Nf6,=,46,B,20,,
2134,Rxa5+,=,47,W,20,R,a+
2135,Kg4,=,47,B,20,,
2136,Rxg5+,=,48,W,20,R,g+
2137,Kxg5,=,48,B,20,K,g
2138,e4,=,1,W,21,,
2139,e5,=,1,B,21,,
2140,Nc3,=,2,W,21,,
2141,Nc6,=,2,B,21,,
2142,Bc4,=,3,W,21,,
2143,Nf6,=,3,B,21,,
2144,d3,=,4,W,21,,
2145,Na5,=,4,B,21,,
2146,Qf3,=,5,W,21,,
2147,Nxc4,=,5,B,21,N,c
2148,dxc4,=,6,W,21,d,c
2149,d6,=,6,B,21,,
2150,Nge2,=,7,W,21,,
2151,Be7,=,7,B,21,,
2152,O-O,=,8,W,21,,
2153,O-O,=,8,B,21,,
2154,Ng3,=,9,W,21,,
2155,c6,=,9,B,21,,
2156,h3,=,10,W,21,,
2157,Be6,=,10,B,21,,
2158,b3,=,11,W,21,,
2159,d5,=,11,B,21,,
2160,exd5,=,12,W,21,e,d
2161,cxd5,=,12,B,21,c,d
2162,Rd1,=,13,W,21,,
2163,d4,#5c8bb0,13,B,21,,
2164,Qxb7,=,14,W,21,Q,b
2165,Re8,=,14,B,21,,
2166,Qf3,=,15,W,21,,
2167,Qc8,=,15,B,21,,
2168,Nd5,#b33430,16,W,21,,
2169,Bxd5,#5c8bb0,16,B,21,B,d
2170,cxd5,=,17,W,21,c,d
2171,Qxc2,=,17,B,21,Q,c
2172,Bg5,=,18,W,21,,
2173,Nxd5,#1baca6,18,B,21,N,d
2174,Rac1,=,19,W,21,,
2175,Qg6,#5c8bb0,19,B,21,,
2176,Qxd5,=,20,W,21,Q,d
2177,Bxg5,#ee6b55,20,B,21,B,g
2178,Rc6,=,21,W,21,,
2179,Bf6,#5c8bb0,21,B,21,,
2180,Ne4,=,22,W,21,,
2181,Rad8,#5c8bb0,22,B,21,,
2182,Nxf6+,=,23,W,21,N,f+
2183,gxf6,=,23,B,21,g,f
2184,Qf3,=,24,W,21,,
2185,Kg7,#5c8bb0,24,B,21,,
2186,Rc7,=,25,W,21,,
2187,d3,=,25,B,21,,
2188,Rxa7,=,26,W,21,R,a
2189,d2,#e6912c,26,B,21,,
2190,Rc7,=,27,W,21,,
2191,Rd3,=,27,B,21,,
2192,Qe2,#e6912c,28,W,21,,
2193,Red8,=,28,B,21,,
2194,Rc4,=,29,W,21,,
2195,h5,=,29,B,21,,
2196,Rc2,#e6912c,30,W,21,,
2197,Qg5,#ee6b55,30,B,21,,
2198,a4,=,31,W,21,,
2199,Rxb3,=,31,B,21,R,b
2200,Rcxd2,=,32,W,21,Rc,d
2201,Rxd2,=,32,B,21,R,d
2202,Qxd2,=,33,W,21,Q,d
2203,Qxd2,=,33,B,21,Q,d
2204,Rxd2,=,34,W,21,R,d
2205,Ra3,=,34,B,21,,
2206,h4,=,35,W,21,,
2207,Rxa4,=,35,B,21,R,a
2208,g3,#5c8bb0,36,W,21,,
2209,f5,=,36,B,21,,
2210,Rd5,=,37,W,21,,
2211,f6,=,37,B,21,,
2212,Rd7+,=,38,W,21,,
2213,Kg6,=,38,B,21,,
2214,Kg2,=,39,W,21,,
2215,f4,=,39,B,21,,
2216,Rd8,=,40,W,21,,
2217,fxg3,#e6912c,40,B,21,f,g
2218,fxg3,=,41,W,21,f,g
2219,Kf5,=,41,B,21,,
2220,Rh8,=,42,W,21,,
2221,Kg6,=,42,B,21,,
2222,Rg8+,=,43,W,21,,
2223,Kh7,=,43,B,21,,
2224,Rf8,=,44,W,21,,
2225,Ra2+,=,44,B,21,,
2226,Kf3,=,45,W,21,,
2227,Kg7,=,45,B,21,,
2228,Rd8,=,46,W,21,,
2229,Ra3+,=,46,B,21,,
2230,Kg2,=,47,W,21,,
2231,e4,=,47,B,21,,
2232,Rd5,=,48,W,21,,
2233,Kg6,=,48,B,21,,
2234,Rd4,=,49,W,21,,
2235,Ra2+,=,49,B,21,,
2236,Kh3,#e6912c,50,W,21,,
2237,f5,#5c8bb0,50,B,21,,
2238,Rd6+,=,51,W,21,,
2239,Kf7,=,51,B,21,,
2240,Rh6,=,52,W,21,,
2241,e3,#5c8bb0,52,B,21,,
2242,Rb6,=,53,W,21,,
2243,e2,#e6912c,53,B,21,,
2244,Rb1,#5c8bb0,54,W,21,,
2245,Kf6,=,54,B,21,,
2246,Re1,#5c8bb0,55,W,21,,
2247,Ke5,=,55,B,21,,
2248,Kg2,#5c8bb0,56,W,21,,
2249,Ke4,=,56,B,21,,
2250,Kf2,#5c8bb0,57,W,21,,
2251,Kd3,=,57,B,21,,
2252,Rb1,=,58,W,21,,
2253,Rc2,=,58,B,21,,
2254,Rb8,=,59,W,21,,
2255,Rc4,=,59,B,21,,
2256,Rd8+,=,60,W,21,,
2257,Rd4,=,60,B,21,,
2258,Rxd4+,=,61,W,21,R,d+
2259,Kxd4,=,61,B,21,K,d
2260,Kxe2,=,62,W,21,K,e
2261,Ke4,=,62,B,21,,
2262,Kf2,#5c8bb0,63,W,21,,
2263,f4,=,63,B,21,,
2264,gxf4,=,64,W,21,g,f
2265,Kxf4,=,64,B,21,K,f
2266,Kg2,=,65,W,21,,
2267,Kg4,=,65,B,21,,
2268,Kh2,=,66,W,21,,
2269,Kxh4,=,66,B,21,K,h
2270,Kg2,=,67,W,21,,
2271,Kg4,=,67,B,21,,
2272,Kh2,=,68,W,21,,
2273,h4,=,68,B,21,,
2274,Kg2,=,69,W,21,,
2275,h3+,=,69,B,21,,
2276,Kh2,=,70,W,21,,
2277,Kh4,=,70,B,21,,
2278,Kh1,=,71,W,21,,
2279,Kg3,=,71,B,21,,
2280,Kg1,=,72,W,21,,
2281,h2+,=,72,B,21,,
2282,Kh1,#5c8bb0,73,W,21,,
2283,Kh3,=,73,B,21,,
2284,e4,=,1,W,22,,
2285,g6,=,1,B,22,,
2286,d4,=,2,W,22,,
2287,Bg7,=,2,B,22,,
2288,Nf3,=,3,W,22,,
2289,a6,=,3,B,22,,
2290,Bc4,=,4,W,22,,
2291,d6,=,4,B,22,,
2292,O-O,=,5,W,22,,
2293,Nf6,=,5,B,22,,
2294,Re1,=,6,W,22,,
2295,O-O,=,6,B,22,,
2296,Bb3,=,7,W,22,,
2297,Nc6,=,7,B,22,,
2298,Nbd2,=,8,W,22,,
2299,e5,=,8,B,22,,
2300,c3,=,9,W,22,,
2301,Re8,=,9,B,22,,
2302,h3,=,10,W,22,,
2303,h6,=,10,B,22,,
2304,dxe5,=,11,W,22,d,e
2305,Nxe5,=,11,B,22,N,e
2306,Nf1,=,12,W,22,,
2307,Be6,=,12,B,22,,
2308,Nxe5,=,13,W,22,N,e
2309,dxe5,=,13,B,22,d,e
2310,Qxd8,=,14,W,22,Q,d
2311,Raxd8,=,14,B,22,Ra,d
2312,Bxe6,=,15,W,22,B,e
2313,Rxe6,=,15,B,22,R,e
2314,f3,=,16,W,22,,
2315,Bf8,=,16,B,22,,
2316,Be3,=,17,W,22,,
2317,Nd7,=,17,B,22,,
2318,Red1,=,18,W,22,,
2319,Ree8,=,18,B,22,,
2320,Kf2,=,19,W,22,,
2321,Kg7,=,19,B,22,,
2322,Rd2,=,20,W,22,,
2323,Nc5,=,20,B,22,,
2324,Rad1,=,21,W,22,,
2325,Rxd2+,=,21,B,22,R,d+
2326,Nxd2,#e6912c,22,W,22,N,d
2327,Ne6,#ee6b55,22,B,22,,
2328,Nc4,=,23,W,22,,
2329,f6,=,23,B,22,,
2330,Na5,=,24,W,22,,
2331,Bd6,#e6912c,24,B,22,,
2332,Nxb7,=,25,W,22,N,b
2333,Rb8,=,25,B,22,,
2334,Nxd6,=,26,W,22,N,d
2335,Rxb2+,=,26,B,22,R,b+
2336,Kf1,=,27,W,22,,
2337,cxd6,=,27,B,22,c,d
2338,Rxd6,=,28,W,22,R,d
2339,Rb1+,#e6912c,28,B,22,,
2340,Ke2,#5c8bb0,29,W,22,,
2341,Rb2+,=,29,B,22,,
2342,Kd3,=,30,W,22,,
2343,Kf7,=,30,B,22,,
2344,Rxa6,=,31,W,22,R,a
2345,Rxg2,=,31,B,22,R,g
2346,Ra7+,=,32,W,22,,
2347,Ke8,=,32,B,22,,
2348,a4,=,33,W,22,,
2349,f5,=,33,B,22,,
2350,a5,=,34,W,22,,
2351,Rg3,=,34,B,22,,
2352,a6,=,35,W,22,,
2353,Rxf3,=,35,B,22,R,f
2354,Ke2,=,36,W,22,,
2355,Rxh3,=,36,B,22,R,h
2356,Rb7,=,37,W,22,,
2357,f4,=,37,B,22,,
2358,a7,=,38,W,22,,
2359,e4,=,1,W,23,,
2360,c5,=,1,B,23,,
2361,Nc3,=,2,W,23,,
2362,Nc6,=,2,B,23,,
2363,f4,=,3,W,23,,
2364,e6,=,3,B,23,,
2365,Nf3,=,4,W,23,,
2366,a6,=,4,B,23,,
2367,d4,=,5,W,23,,
2368,cxd4,=,5,B,23,c,d
2369,Nxd4,=,6,W,23,N,d
2370,Qc7,=,6,B,23,,
2371,Nb3,=,7,W,23,,
2372,Nf6,=,7,B,23,,
2373,Bd3,=,8,W,23,,
2374,b5,=,8,B,23,,
2375,e5,=,9,W,23,,
2376,b4,#5c8bb0,9,B,23,,
2377,Ne4,=,10,W,23,,
2378,Nxe4,=,10,B,23,N,e
2379,Bxe4,=,11,W,23,B,e
2380,Bb7,=,11,B,23,,
2381,O-O,=,12,W,23,,
2382,Ne7,=,12,B,23,,
2383,Bxb7,=,13,W,23,B,b
2384,Qxb7,=,13,B,23,Q,b
2385,Be3,=,14,W,23,,
2386,Nf5,=,14,B,23,,
2387,Bf2,=,15,W,23,,
2388,h5,=,15,B,23,,
2389,Qd3,=,16,W,23,,
2390,Be7,=,16,B,23,,
2391,Rad1,=,17,W,23,,
2392,Rc8,=,17,B,23,,
2393,Rd2,=,18,W,23,,
2394,O-O,=,18,B,23,,
2395,Rfd1,#e6912c,19,W,23,,
2396,Rc7,#ee6b55,19,B,23,,
2397,Qe2,=,20,W,23,,
2398,Rfc8,=,20,B,23,,
2399,Qxh5,=,21,W,23,Q,h
2400,Rxc2,=,21,B,23,R,c
2401,Rxd7,#e6912c,22,W,23,R,d
2402,Qe4,=,22,B,23,,
2403,R7d2,#e6912c,23,W,23,,
2404,Qxf4,#ee6b55,23,B,23,Q,f
2405,Qe2,=,24,W,23,,
2406,Rxd2,#e6912c,24,B,23,R,d
2407,Rxd2,=,25,W,23,R,d
2408,a5,=,25,B,23,,
2409,g3,#5c8bb0,26,W,23,,
2410,Qg5,=,26,B,23,,
2411,Nxa5,=,27,W,23,N,a
2412,Rc1+,=,27,B,23,,
2413,Rd1,#5c8bb0,28,W,23,,
2414,Rxd1+,=,28,B,23,R,d+
2415,Qxd1,=,29,W,23,Q,d
2416,Ne3,#e6912c,29,B,23,,
2417,Qd2,#5c8bb0,30,W,23,,
2418,Ng4,=,30,B,23,,
2419,Qxg5,=,31,W,23,Q,g
2420,Bxg5,=,31,B,23,B,g
2421,Bd4,=,32,W,23,,
2422,Be3+,=,32,B,23,,
2423,Bxe3,=,33,W,23,B,e
2424,Nxe3,=,33,B,23,N,e
2425,Nc6,=,34,W,23,,
2426,Nd5,=,34,B,23,,
2427,a4,=,35,W,23,,
2428,bxa3,=,35,B,23,b,a
2429,bxa3,=,36,W,23,b,a
2430,Kf8,=,36,B,23,,
2431,a4,=,37,W,23,,
2432,Ke8,=,37,B,23,,
2433,a5,=,38,W,23,,
2434,Kd7,=,38,B,23,,
2435,Nd4,=,39,W,23,,
2436,Nb4,=,39,B,23,,
2437,Kf2,#b33430,40,W,23,,
2438,Nd3+,#5c8bb0,40,B,23,,
2439,Ke3,=,41,W,23,,
2440,Nxe5,=,41,B,23,N,e
2441,a6,=,42,W,23,,
2442,Kc7,=,42,B,23,,
2443,Ke4,=,43,W,23,,
2444,Nc4,=,43,B,23,,
2445,Nf3,=,44,W,23,,
2446,Nd6+,=,44,B,23,,
2447,Ke5,=,45,W,23,,
2448,f6+,#b33430,45,B,23,,
2449,Kxe6,=,46,W,23,K,e
2450,e4,=,1,W,24,,
2451,g6,=,1,B,24,,
2452,Nf3,=,2,W,24,,
2453,Bg7,=,2,B,24,,
2454,d4,=,3,W,24,,
2455,d6,=,3,B,24,,
2456,h3,=,4,W,24,,
2457,Nf6,=,4,B,24,,
2458,Bd3,=,5,W,24,,
2459,Nc6,=,5,B,24,,
2460,O-O,=,6,W,24,,
2461,e5,=,6,B,24,,
2462,dxe5,=,7,W,24,d,e
2463,Nxe5,=,7,B,24,N,e
2464,Nxe5,=,8,W,24,N,e
2465,dxe5,=,8,B,24,d,e
2466,Bb5+,=,9,W,24,,
2467,c6,=,9,B,24,,
2468,Qxd8+,=,10,W,24,Q,d+
2469,Kxd8,=,10,B,24,K,d
2470,Bd3,=,11,W,24,,
2471,Be6,=,11,B,24,,
2472,Be3,=,12,W,24,,
2473,Kc7,=,12,B,24,,
2474,Nd2,=,13,W,24,,
2475,h5,=,13,B,24,,
2476,Nf3,=,14,W,24,,
2477,Nd7,=,14,B,24,,
2478,Ng5,=,15,W,24,,
2479,Rhe8,=,15,B,24,,
2480,Nxe6+,=,16,W,24,N,e+
2481,Rxe6,=,16,B,24,R,e
2482,Bc4,=,17,W,24,,
2483,Re7,=,17,B,24,,
2484,Rfd1,=,18,W,24,,
2485,f6,=,18,B,24,,
2486,a4,=,19,W,24,,
2487,a5,=,19,B,24,,
2488,Rd3,=,20,W,24,,
2489,Rh8,=,20,B,24,,
2490,f3,=,21,W,24,,
2491,Bh6,=,21,B,24,,
2492,Bf2,#5c8bb0,22,W,24,,
2493,Bf8,=,22,B,24,,
2494,Rad1,=,23,W,24,,
2495,Rhh7,=,23,B,24,,
2496,Be1,=,24,W,24,,
2497,b6,#5c8bb0,24,B,24,,
2498,Bf2,=,25,W,24,,
2499,Re8,#e6912c,25,B,24,,
2500,Kf1,#ee6b55,26,W,24,,
2501,Nc5,=,26,B,24,,
2502,Ra3,=,27,W,24,,
2503,Ne6,=,27,B,24,,
2504,Raa1,=,28,W,24,,
2505,h4,=,28,B,24,,
2506,c3,=,29,W,24,,
2507,Bc5,=,29,B,24,,
2508,Be1,=,30,W,24,,
2509,Nf4,=,30,B,24,,
2510,b4,=,31,W,24,,
2511,axb4,=,31,B,24,a,b
2512,cxb4,=,32,W,24,c,b
2513,Bd4,=,32,B,24,,
2514,Rac1,=,33,W,24,,
2515,Kb7,=,33,B,24,,
2516,a5,#e6912c,34,W,24,,
2517,b5,#5c8bb0,34,B,24,,
2518,Bb3,=,35,W,24,,
2519,Rc7,#b33430,35,B,24,,
2520,Rc2,#ee6b55,36,W,24,,
2521,g5,#5c8bb0,36,B,24,,
2522,Rdc1,=,37,W,24,,
2523,Rec8,=,37,B,24,,
2524,Bd2,=,38,W,24,,
2525,c5,#e6912c,38,B,24,,
2526,Bxf4,#ee6b55,39,W,24,B,f
2527,gxf4,#ee6b55,39,B,24,g,f
2528,Be6,=,40,W,24,,
2529,Re8,=,40,B,24,,
2530,Bd5+,#5c8bb0,41,W,24,,
2531,Ka6,#5c8bb0,41,B,24,,
2532,bxc5,=,42,W,24,b,c
2533,Rb8,=,42,B,24,,
2534,Ke2,=,43,W,24,,
2535,b4,#e6912c,43,B,24,,
2536,Bc4+,=,44,W,24,,
2537,Ka7,=,44,B,24,,
2538,Bb3,#5c8bb0,45,W,24,,
2539,Rb5,=,45,B,24,,
2540,a6,=,46,W,24,,
2541,Rbxc5,=,46,B,24,Rb,c
2542,Rxc5,=,47,W,24,R,c
2543,Rxc5,=,47,B,24,R,c
2544,Rxc5,=,48,W,24,R,c
2545,Bxc5,=,48,B,24,B,c
2546,Kd3,=,49,W,24,,
2547,Kxa6,=,49,B,24,K,a
2548,Kc4,=,50,W,24,,
2549,Kb6,=,50,B,24,,
2550,Kd5,=,51,W,24,,
2551,Bf2,=,51,B,24,,
2552,Ke6,=,52,W,24,,
2553,Kc5,=,52,B,24,,
2554,Kxf6,=,53,W,24,K,f
2555,Kd4,=,53,B,24,,
2556,Bd5,=,54,W,24,,
2557,Bg3,=,54,B,24,,
2558,Kf5,=,55,W,24,,
2559,Be1,=,55,B,24,,
2560,Kf6,=,56,W,24,,
2561,Bc3,=,56,B,24,,
2562,Kg5,=,57,W,24,,
2563,Be1,=,57,B,24,,
2564,Kf6,=,58,W,24,,
2565,Bf2,=,58,B,24,,
2566,Kg5,=,59,W,24,,
2567,Kc3,=,59,B,24,,
2568,Kf5,=,60,W,24,,
2569,Bd4,=,60,B,24,,
2570,Kg5,=,61,W,24,,
2571,Bf2,=,61,B,24,,
2572,Kf5,=,62,W,24,,
2573,Kd4,=,62,B,24,,
2574,Kg5,=,63,W,24,,
2575,Bg3,=,63,B,24,,
2576,Kf6,=,64,W,24,,
2577,Be1,=,64,B,24,,
2578,Kf5,=,65,W,24,,
2579,Bc3,=,65,B,24,,
2580,Kf6,=,66,W,24,,
2581,Ke3,=,66,B,24,,
2582,Kg5,#5c8bb0,67,W,24,,
2583,Be1,=,67,B,24,,
2584,Kf5,=,68,W,24,,
2585,Kf2,=,68,B,24,,
2586,Kxe5,=,69,W,24,K,e
2587,Kxg2,=,69,B,24,K,g
2588,Kxf4,=,70,W,24,K,f
2589,Kxh3,=,70,B,24,K,h
2590,e5,=,71,W,24,,
2591,Bg3+,=,71,B,24,,
2592,Kf5,=,72,W,24,,
2593,Kh2,#e6912c,72,B,24,,
2594,f4,#5c8bb0,73,W,24,,
2595,h3,=,73,B,24,,
2596,e6,#e6912c,74,W,24,,
2597,Bh4,#5c8bb0,74,B,24,,
2598,Kg4,=,75,W,24,,
2599,Be7,=,75,B,24,,
2600,f5,=,76,W,24,,
2601,Kg1,#b33430,76,B,24,,
2602,Kxh3,=,77,W,24,K,h
2603,Kf2,=,77,B,24,,
2604,Kg4,#5c8bb0,78,W,24,,
2605,Ke3,=,78,B,24,,
2606,Kh5,#5c8bb0,79,W,24,,
2607,Kd4,=,79,B,24,,
2608,Bb3,=,80,W,24,,
2609,Ke5,=,80,B,24,,
2610,Kg6,#5c8bb0,81,W,24,,
2611,Bd6,=,81,B,24,,
2612,Kf7,#ee6b55,82,W,24,,
2613,Kf4,#ee6b55,82,B,24,,
2614,f6,=,83,W,24,,
2615,Kf5,=,83,B,24,,
2616,e7,=,84,W,24,,
2617,Bxe7,=,84,B,24,B,e
2618,fxe7,=,85,W,24,f,e
2619,Ke5,=,85,B,24,,
2620,e8=Q+,=,86,W,24,,
2621,Kd4,=,86,B,24,,
2622,Qe6,=,87,W,24,,
2623,Kc3,=,87,B,24,,
2624,Qc4+,=,88,W,24,,
2625,Kb2,=,88,B,24,,
2626,Qxb4,=,89,W,24,Q,b
2627,e4,=,1,W,25,,
2628,d5,=,1,B,25,,
2629,Nc3,=,2,W,25,,
2630,dxe4,=,2,B,25,d,e
2631,Nxe4,=,3,W,25,N,e
2632,Nf6,=,3,B,25,,
2633,Ng3,=,4,W,25,,
2634,h5,=,4,B,25,,
2635,Bc4,=,5,W,25,,
2636,h4,=,5,B,25,,
2637,Nf1,=,6,W,25,,
2638,h3,=,6,B,25,,
2639,g3,=,7,W,25,,
2640,Nc6,#5c8bb0,7,B,25,,
2641,Ne3,=,8,W,25,,
2642,e5,#5c8bb0,8,B,25,,
2643,d3,=,9,W,25,,
2644,Bc5,=,9,B,25,,
2645,Bd2,=,10,W,25,,
2646,Nd4,#e6912c,10,B,25,,
2647,Nf3,#e6912c,11,W,25,,
2648,Qe7,#ee6b55,11,B,25,,
2649,c3,#ee6b55,12,W,25,,
2650,Nxf3+,=,12,B,25,N,f+
2651,Qxf3,=,13,W,25,Q,f
2652,c6,=,13,B,25,,
2653,O-O,#e6912c,14,W,25,,
2654,Bxe3,#ee6b55,14,B,25,B,e
2655,fxe3,#ee6b55,15,W,25,f,e
2656,Bg4,#5c8bb0,15,B,25,,
2657,Qf2,=,16,W,25,,
2658,e4,=,16,B,25,,
2659,d4,=,17,W,25,,
2660,Bf3,#e6912c,17,B,25,,
2661,Be2,=,18,W,25,,
2662,Ng4,=,18,B,25,,
2663,Qe1,=,19,W,25,,
2664,Qf6,=,19,B,25,,
2665,Qd1,#5c8bb0,20,W,25,,
2666,Bxe2,=,20,B,25,B,e
2667,Qxe2,=,21,W,25,Q,e
2668,Qg6,=,21,B,25,,
2669,Rf4,=,22,W,25,,
2670,f5,#5c8bb0,22,B,25,,
2671,Raf1,#e6912c,23,W,25,,
2672,O-O,=,23,B,25,,
2673,c4,=,24,W,25,,
2674,Kh7,=,24,B,25,,
2675,Bb4,=,25,W,25,,
2676,Rf7,=,25,B,25,,
2677,Qxg4,=,26,W,25,Q,g
2678,fxg4,=,26,B,25,f,g
2679,Rxf7,=,27,W,25,R,f
2680,b6,#e6912c,27,B,25,,
2681,Bc3,#ee6b55,28,W,25,,
2682,Rg8,=,28,B,25,,
2683,R1f4,#e6912c,29,W,25,,
2684,b5,#ee6b55,29,B,25,,
2685,Re7,#ee6b55,30,W,25,,
2686,bxc4,#ee6b55,30,B,25,b,c
2687,Rexe4,#ee6b55,31,W,25,Re,e
2688,Re8,=,31,B,25,,
2689,Rxe8,=,32,W,25,R,e
2690,Qxe8,=,32,B,25,Q,e
2691,e4,=,33,W,25,,
2692,g5,=,33,B,25,,
2693,Rxg4,=,34,W,25,R,g
2694,Qf7,=,34,B,25,,
2695,e4,=,1,W,26,,
2696,g6,=,1,B,26,,
2697,Nf3,=,2,W,26,,
2698,Bg7,=,2,B,26,,
2699,d4,=,3,W,26,,
2700,d6,=,3,B,26,,
2701,Bc4,=,4,W,26,,
2702,a6,=,4,B,26,,
2703,Bb3,=,5,W,26,,
2704,Nf6,=,5,B,26,,
2705,Qe2,=,6,W,26,,
2706,O-O,=,6,B,26,,
2707,O-O,=,7,W,26,,
2708,Nc6,=,7,B,26,,
2709,Rd1,=,8,W,26,,
2710,e5,#e6912c,8,B,26,,
2711,dxe5,#5c8bb0,9,W,26,d,e
2712,Ne8,=,9,B,26,,
2713,exd6,=,10,W,26,e,d
2714,cxd6,=,10,B,26,c,d
2715,Nc3,=,11,W,26,,
2716,Bg4,=,11,B,26,,
2717,h3,=,12,W,26,,
2718,Nd4,=,12,B,26,,
2719,Rxd4,=,13,W,26,R,d
2720,Bxf3,=,13,B,26,B,f
2721,Qxf3,#b33430,14,W,26,Q,f
2722,Bxd4,=,14,B,26,B,d
2723,Bh6,=,15,W,26,,
2724,Bg7,=,15,B,26,,
2725,Bf4,=,16,W,26,,
2726,Be5,=,16,B,26,,
2727,Rd1,#5c8bb0,17,W,26,,
2728,Qf6,#e6912c,17,B,26,,
2729,Nd5,#5c8bb0,18,W,26,,
2730,Qg7,=,18,B,26,,
2731,Be3,=,19,W,26,,
2732,Nf6,=,19,B,26,,
2733,Nxf6+,#e6912c,20,W,26,N,f+
2734,Qxf6,=,20,B,26,Q,f
2735,Qxf6,=,21,W,26,Q,f
2736,Bxf6,=,21,B,26,B,f
2737,Rxd6,=,22,W,26,R,d
2738,Be5,#e6912c,22,B,26,,
2739,Rd7,=,23,W,26,,
2740,Rad8,=,23,B,26,,
2741,Bxf7+,#5c8bb0,24,W,26,B,f+
2742,Kg7,=,24,B,26,,
2743,Rxd8,=,25,W,26,R,d
2744,Rxd8,=,25,B,26,R,d
2745,Bd5,#5c8bb0,26,W,26,,
2746,Bxb2,=,26,B,26,B,b
2747,Bxb7,#e6912c,27,W,26,B,b
2748,Rd1+,#5c8bb0,27,B,26,,
2749,Kh2,=,28,W,26,,
2750,Bd4,=,28,B,26,,
2751,Bxd4+,=,29,W,26,B,d+
2752,Rxd4,=,29,B,26,R,d
2753,Bxa6,=,30,W,26,B,a
2754,Rxe4,=,30,B,26,R,e
2755,Bb5,=,31,W,26,,
2756,Kf6,=,31,B,26,,
2757,a4,=,32,W,26,,
2758,Rb4,=,32,B,26,,
2759,Kg3,=,33,W,26,,
2760,Rb2,=,33,B,26,,
2761,c4,=,34,W,26,,
2762,Ke5,=,34,B,26,,
2763,c5,=,35,W,26,,
2764,Rc2,=,35,B,26,,
2765,c6,=,36,W,26,,
2766,g5,=,36,B,26,,
2767,Kf3,=,37,W,26,,
2768,h6,=,37,B,26,,
2769,g3,=,38,W,26,,
2770,Kd6,=,38,B,26,,
2771,h4,=,39,W,26,,
2772,gxh4,=,39,B,26,g,h
2773,gxh4,=,40,W,26,g,h
2774,Rc5,=,40,B,26,,
2775,Kg4,=,41,W,26,,
2776,h5+,=,41,B,26,,
2777,Kf4,=,42,W,26,,
2778,Rd5,=,42,B,26,,
2779,Ke4,=,43,W,26,,
2780,Re5+,=,43,B,26,,
2781,Kf4,=,44,W,26,,
2782,Rd5,=,44,B,26,,
2783,f3,=,45,W,26,,
2784,Re5,=,45,B,26,,
2785,Bd3,=,46,W,26,,
2786,Ra5,=,46,B,26,,
2787,Be4,=,47,W,26,,
2788,Rc5,=,47,B,26,,
2789,Ke3,=,48,W,26,,
2790,Ra5,=,48,B,26,,
2791,Kf4,=,49,W,26,,
2792,Rc5,=,49,B,26,,
2793,Ke3,=,50,W,26,,
2794,Ra5,=,50,B,26,,
2795,Kf4,=,51,W,26,,
2796,e4,=,1,W,27,,
2797,c5,=,1,B,27,,
2798,Nc3,=,2,W,27,,
2799,e6,=,2,B,27,,
2800,f4,=,3,W,27,,
2801,d5,=,3,B,27,,
2802,Nf3,=,4,W,27,,
2803,dxe4,=,4,B,27,d,e
2804,Nxe4,=,5,W,27,N,e
2805,Nc6,=,5,B,27,,
2806,Bb5,=,6,W,27,,
2807,Bd7,=,6,B,27,,
2808,O-O,=,7,W,27,,
2809,Nf6,=,7,B,27,,
2810,d3,=,8,W,27,,
2811,Qb6,=,8,B,27,,
2812,Bc4,=,9,W,27,,
2813,Na5,#e6912c,9,B,27,,
2814,Ne5,#5c8bb0,10,W,27,,
2815,Nxc4,#e6912c,10,B,27,N,c
2816,Nxc4,#ee6b55,11,W,27,N,c
2817,Qc7,=,11,B,27,,
2818,f5,=,12,W,27,,
2819,Nxe4,=,12,B,27,N,e
2820,dxe4,=,13,W,27,d,e
2821,e5,=,13,B,27,,
2822,Ne3,=,14,W,27,,
2823,Bc6,#5c8bb0,14,B,27,,
2824,f6,=,15,W,27,,
2825,g6,=,15,B,27,,
2826,Qf3,=,16,W,27,,
2827,O-O-O,=,16,B,27,,
2828,c4,=,17,W,27,,
2829,Rd4,=,17,B,27,,
2830,Nd5,#5c8bb0,18,W,27,,
2831,Bxd5,#5c8bb0,18,B,27,B,d
2832,cxd5,=,19,W,27,c,d
2833,c4,=,19,B,27,,
2834,Kh1,=,20,W,27,,
2835,Bc5,=,20,B,27,,
2836,Be3,=,21,W,27,,
2837,Rd3,=,21,B,27,,
2838,Qg4+,#5c8bb0,22,W,27,,
2839,Kb8,=,22,B,27,,
2840,Bxc5,=,23,W,27,B,c
2841,Qxc5,=,23,B,27,Q,c
2842,Rac1,#e6912c,24,W,27,,
2843,Rc8,#ee6b55,24,B,27,,
2844,Qd7,#5c8bb0,25,W,27,,
2845,Qc7,=,25,B,27,,
2846,Qb5,#e6912c,26,W,27,,
2847,a6,=,26,B,27,,
2848,Qb4,=,27,W,27,,
2849,Rd4,#e6912c,27,B,27,,
2850,Rfe1,#ee6b55,28,W,27,,
2851,Qc5,=,28,B,27,,
2852,Qc3,=,29,W,27,,
2853,h5,=,29,B,27,,
2854,Qg3,=,30,W,27,,
2855,Qd6,=,30,B,27,,
2856,Qf2,=,31,W,27,,
2857,Rd3,=,31,B,27,,
2858,Rc2,=,32,W,27,,
2859,Rd4,=,32,B,27,,
2860,Rcc1,=,33,W,27,,
2861,h4,#e6912c,33,B,27,,
2862,Qxh4,#ee6b55,34,W,27,Q,h
2863,Rd2,#5c8bb0,34,B,27,,
2864,Rb1,#5c8bb0,35,W,27,,
2865,Ka8,#e6912c,35,B,27,,
2866,Qg3,=,36,W,27,,
2867,c3,#ee6b55,36,B,27,,
2868,bxc3,=,37,W,27,b,c
2869,Rxa2,=,37,B,27,R,a
2870,Qe3,#e6912c,38,W,27,,
2871,Rc2,=,38,B,27,,
2872,Rb6,#e6912c,39,W,27,,
2873,Qc5,#ee6b55,39,B,27,,
2874,Qxc5,#5c8bb0,40,W,27,Q,c
2875,Rxc5,=,40,B,27,R,c
2876,d6,#b33430,41,W,27,,
2877,Rd2,#ee6b55,41,B,27,,
2878,h3,#ee6b55,42,W,27,,
2879,Rxc3,=,42,B,27,R,c
2880,Rbb1,#b33430,43,W,27,,
2881,Rxd6,=,43,B,27,R,d
2882,Rbd1,=,44,W,27,,
2883,Rxd1,=,44,B,27,R,d
2884,Rxd1,=,45,W,27,R,d
2885,Rc6,=,45,B,27,,
2886,Rd5,=,46,W,27,,
2887,Rxf6,=,46,B,27,R,f
2888,Rxe5,=,47,W,27,R,e
2889,Re6,=,47,B,27,,
2890,Rd5,=,48,W,27,,
2891,Rxe4,=,48,B,27,R,e
2892,Rd7,=,49,W,27,,
2893,f5,=,49,B,27,,
2894,Rd6,=,50,W,27,,
2895,a5,=,50,B,27,,
2896,Rxg6,=,51,W,27,R,g
2897,a4,=,51,B,27,,
2898,Rb6,=,52,W,27,,
2899,a3,=,52,B,27,,
2900,Rb4,=,53,W,27,,
2901,Rxb4,=,53,B,27,R,b
2902,e4,=,1,W,28,,
2903,g6,=,1,B,28,,
2904,Nc3,=,2,W,28,,
2905,Bg7,=,2,B,28,,
2906,d4,=,3,W,28,,
2907,d6,=,3,B,28,,
2908,h3,=,4,W,28,,
2909,a6,=,4,B,28,,
2910,Nf3,=,5,W,28,,
2911,Nf6,=,5,B,28,,
2912,Be3,=,6,W,28,,
2913,O-O,=,6,B,28,,
2914,Bd3,=,7,W,28,,
2915,Nc6,=,7,B,28,,
2916,Ne2,=,8,W,28,,
2917,e5,=,8,B,28,,
2918,dxe5,=,9,W,28,d,e
2919,Nxe5,=,9,B,28,N,e
2920,Nxe5,=,10,W,28,N,e
2921,dxe5,=,10,B,28,d,e
2922,Ng3,=,11,W,28,,
2923,Qe7,=,11,B,28,,
2924,O-O,=,12,W,28,,
2925,Rd8,=,12,B,28,,
2926,Qe2,=,13,W,28,,
2927,b6,=,13,B,28,,
2928,Rfd1,=,14,W,28,,
2929,Bb7,=,14,B,28,,
2930,a4,=,15,W,28,,
2931,a5,=,15,B,28,,
2932,f3,=,16,W,28,,
2933,h5,=,16,B,28,,
2934,Qf2,=,17,W,28,,
2935,h4,=,17,B,28,,
2936,Nf1,=,18,W,28,,
2937,Nh5,=,18,B,28,,
2938,Bc4,=,19,W,28,,
2939,Nf4,=,19,B,28,,
2940,Kh1,=,20,W,28,,
2941,Bf6,=,20,B,28,,
2942,Nh2,=,21,W,28,,
2943,Bg7,=,21,B,28,,
2944,Ng4,=,22,W,28,,
2945,Kh7,#e6912c,22,B,28,,
2946,Bxf4,#ee6b55,23,W,28,B,f
2947,exf4,=,23,B,28,e,f
2948,e5,=,24,W,28,,
2949,Kg8,#e6912c,24,B,28,,
2950,Re1,=,25,W,28,,
2951,Bd5,=,25,B,28,,
2952,Qe2,=,26,W,28,,
2953,Qe6,=,26,B,28,,
2954,Bxd5,=,27,W,28,B,d
2955,Rxd5,=,27,B,28,R,d
2956,Rad1,=,28,W,28,,
2957,Rad8,=,28,B,28,,
2958,Rxd5,=,29,W,28,R,d
2959,Rxd5,#e6912c,29,B,28,R,d
2960,Qf2,#ee6b55,30,W,28,,
2961,g5,=,30,B,28,,
2962,Qe2,=,31,W,28,,
2963,Qd7,#e6912c,31,B,28,,
2964,Kh2,=,32,W,28,,
2965,Rd2,=,32,B,28,,
2966,Qc4,#e6912c,33,W,28,,
2967,Rd4,=,33,B,28,,
2968,Qa6,=,34,W,28,,
2969,Rd2,#e6912c,34,B,28,,
2970,Qc4,#ee6b55,35,W,28,,
2971,Rd4,=,35,B,28,,
2972,Qa6,=,36,W,28,,
2973,Rxa4,#e6912c,36,B,28,R,a
2974,c3,#5c8bb0,37,W,28,,
2975,Ra2,=,37,B,28,,
2976,Re4,#e6912c,38,W,28,,
2977,Rxb2,=,38,B,28,R,b
2978,Rd4,=,39,W,28,,
2979,Qc6,#b33430,39,B,28,,
2980,Qd3,=,40,W,28,,
2981,Qg6,=,40,B,28,,
2982,Qc4,#e6912c,41,W,28,,
2983,Qe6,#ee6b55,41,B,28,,
2984,Qd3,#b33430,42,W,28,,
2985,Qg6,#ee6b55,42,B,28,,
2986,Qxg6,#ee6b55,43,W,28,Q,g
2987,fxg6,=,43,B,28,f,g
2988,Rd8+,=,44,W,28,,
2989,Kh7,#e6912c,44,B,28,,
2990,Rd7,#ee6b55,45,W,28,,
2991,Re2,=,45,B,28,,
2992,Nf6+,=,46,W,28,,
2993,Kh6,#5c8bb0,46,B,28,,
2994,Ng4+,=,47,W,28,,
2995,Kh7,#5c8bb0,47,B,28,,
2996,Nf6+,=,48,W,28,,
2997,Kh6,#5c8bb0,48,B,28,,
2998,Ng4+,=,49,W,28,,
2999,Kh7,#5c8bb0,49,B,28,,
3000,e4,=,1,W,29,,
3001,c5,=,1,B,29,,
3002,Nc3,=,2,W,29,,
3003,d6,=,2,B,29,,
3004,f4,=,3,W,29,,
3005,Nc6,=,3,B,29,,
3006,Nf3,=,4,W,29,,
3007,Nf6,=,4,B,29,,
3008,Bb5,=,5,W,29,,
3009,Bd7,=,5,B,29,,
3010,Bxc6,=,6,W,29,B,c
3011,Bxc6,=,6,B,29,B,c
3012,d3,=,7,W,29,,
3013,e6,=,7,B,29,,
3014,O-O,=,8,W,29,,
3015,Be7,=,8,B,29,,
3016,Qe1,=,9,W,29,,
3017,O-O,=,9,B,29,,
3018,b3,=,10,W,29,,
3019,d5,=,10,B,29,,
3020,Bb2,=,11,W,29,,
3021,d4,=,11,B,29,,
3022,Ne2,=,12,W,29,,
3023,Nd7,=,12,B,29,,
3024,Ng3,=,13,W,29,,
3025,f6,=,13,B,29,,
3026,f5,=,14,W,29,,
3027,e5,=,14,B,29,,
3028,Nh5,=,15,W,29,,
3029,Qe8,=,15,B,29,,
3030,g4,=,16,W,29,,
3031,g6,#e6912c,16,B,29,,
3032,Ng3,=,17,W,29,,
3033,Kh8,=,17,B,29,,
3034,Kf2,#e6912c,18,W,29,,
3035,Qf7,#ee6b55,18,B,29,,
3036,Rg1,#ee6b55,19,W,29,,
3037,b5,=,19,B,29,,
3038,h4,=,20,W,29,,
3039,c4,=,20,B,29,,
3040,fxg6,#e6912c,21,W,29,f,g
3041,hxg6,=,21,B,29,h,g
3042,h5,=,22,W,29,,
3043,g5,#5c8bb0,22,B,29,,
3044,Nf5,=,23,W,29,,
3045,Nc5,=,23,B,29,,
3046,Qe2,=,24,W,29,,
3047,Ne6,=,24,B,29,,
3048,Bc1,=,25,W,29,,
3049,Rac8,=,25,B,29,,
3050,Bd2,=,26,W,29,,
3051,Ba3,=,26,B,29,,
3052,bxc4,=,27,W,29,b,c
3053,bxc4,=,27,B,29,b,c
3054,Rab1,=,28,W,29,,
3055,c3,=,28,B,29,,
3056,Bc1,=,29,W,29,,
3057,Bxc1,=,29,B,29,B,c
3058,Rgxc1,=,30,W,29,Rg,c
3059,Nf4,=,30,B,29,,
3060,Qd1,=,31,W,29,,
3061,Rb8,=,31,B,29,,
3062,Rxb8,=,32,W,29,R,b
3063,Rxb8,=,32,B,29,R,b
3064,Rb1,=,33,W,29,,
3065,Rb2,=,33,B,29,,
3066,Rc1,=,34,W,29,,
3067,Qxa2,=,34,B,29,Q,a
3068,Kg3,=,35,W,29,,
3069,Ba4,=,35,B,29,,
3070,Ra1,=,36,W,29,,
3071,Bxc2,=,36,B,29,B,c
3072,Qh1,=,37,W,29,,
3073,Bxd3,=,37,B,29,B,d
3074,Rxa2,=,38,W,29,R,a
3075,Rxa2,#ee6b55,38,B,29,R,a
3076,N3xd4,#5c8bb0,39,W,29,N,d
3077,exd4,=,39,B,29,e,d
3078,Nxd4,=,40,W,29,N,d
3079,Rg2+,=,40,B,29,,
3080,Kf3,=,41,W,29,,
3081,c2,=,41,B,29,,
3082,Qa1,=,42,W,29,,
3083,Rd2,#e6912c,42,B,29,,
3084,Nxc2,#ee6b55,43,W,29,N,c
3085,Rxc2,#ee6b55,43,B,29,R,c
3086,Qxf6+,=,44,W,29,Q,f+
3087,Kh7,=,44,B,29,,
3088,Qxg5,=,45,W,29,Q,g
3089,Kh8,=,45,B,29,,
3090,Qe5+,=,46,W,29,,
3091,e4,=,1,W,30,,
3092,g6,=,1,B,30,,
3093,Nf3,=,2,W,30,,
3094,Bg7,=,2,B,30,,
3095,d4,=,3,W,30,,
3096,d6,=,3,B,30,,
3097,Bd3,=,4,W,30,,
3098,Nf6,=,4,B,30,,
3099,O-O,=,5,W,30,,
3100,O-O,=,5,B,30,,
3101,Re1,=,6,W,30,,
3102,Nc6,=,6,B,30,,
3103,c3,=,7,W,30,,
3104,e5,=,7,B,30,,
3105,h3,=,8,W,30,,
3106,Re8,=,8,B,30,,
3107,Nbd2,=,9,W,30,,
3108,a6,=,9,B,30,,
3109,Nf1,=,10,W,30,,
3110,b6,=,10,B,30,,
3111,Ng3,=,11,W,30,,
3112,Bb7,=,11,B,30,,
3113,Be3,#e6912c,12,W,30,,
3114,h6,#ee6b55,12,B,30,,
3115,Qd2,=,13,W,30,,
3116,Kh7,=,13,B,30,,
3117,d5,=,14,W,30,,
3118,Nb8,=,14,B,30,,
3119,c4,=,15,W,30,,
3120,Nbd7,=,15,B,30,,
3121,b4,=,16,W,30,,
3122,a5,=,16,B,30,,
3123,a3,=,17,W,30,,
3124,axb4,=,17,B,30,a,b
3125,axb4,=,18,W,30,a,b
3126,c5,=,18,B,30,,
3127,dxc6,=,19,W,30,d,c
3128,Bxc6,=,19,B,30,B,c
3129,Bf1,#e6912c,20,W,30,,
3130,Qc7,=,20,B,30,,
3131,Rxa8,=,21,W,30,R,a
3132,Rxa8,=,21,B,30,R,a
3133,Rd1,=,22,W,30,,
3134,Bf8,=,22,B,30,,
3135,Qc2,=,23,W,30,,
3136,Ba4,=,23,B,30,,
3137,Qa2,#5c8bb0,24,W,30,,
3138,Bc6,=,24,B,30,,
3139,Qb1,=,25,W,30,,
3140,Ra4,#e6912c,25,B,30,,
3141,Bd3,=,26,W,30,,
3142,Qc8,#e6912c,26,B,30,,
3143,Ne2,#ee6b55,27,W,30,,
3144,Qa8,=,27,B,30,,
3145,Nc3,=,28,W,30,,
3146,Ra3,=,28,B,30,,
3147,Nd5,#e6912c,29,W,30,,
3148,Nxd5,=,29,B,30,N,d
3149,cxd5,=,30,W,30,c,d
3150,Ba4,=,30,B,30,,
3151,Rc1,=,31,W,30,,
3152,Rb3,#5c8bb0,31,B,30,,
3153,Qc2,#5c8bb0,32,W,30,,
3154,Rxb4,=,32,B,30,R,b
3155,Qc7,=,33,W,30,,
3156,Kg8,#e6912c,33,B,30,,
3157,Ra1,#ee6b55,34,W,30,,
3158,b5,#b33430,34,B,30,,
3159,Kh2,#ee6b55,35,W,30,,
3160,Qb8,#e6912c,35,B,30,,
3161,Qxd7,=,36,W,30,Q,d
3162,Rb3,=,36,B,30,,
3163,Bf1,=,37,W,30,,
3164,Rc3,=,37,B,30,,
3165,Rc1,=,38,W,30,,
3166,Rxc1,=,38,B,30,R,c
3167,Bxc1,=,39,W,30,B,c
3168,Bc2,=,39,B,30,,
3169,Nd2,=,40,W,30,,
3170,b4,=,40,B,30,,
3171,Qc6,=,41,W,30,,
3172,Qa7,=,41,B,30,,
3173,Qxc2,=,42,W,30,Q,c
3174,Qxf2,=,42,B,30,Q,f
3175,Qd1,=,43,W,30,,
3176,h5,=,43,B,30,,
3177,Nc4,=,44,W,30,,
3178,h4,=,44,B,30,,
3179,Be3,=,45,W,30,,
3180,Qg3+,=,45,B,30,,
3181,Kg1,=,46,W,30,,
3182,f5,=,46,B,30,,
3183,Qf3,=,47,W,30,,
3184,f4,=,47,B,30,,
3185,Bf2,=,48,W,30,,
3186,e4,=,1,W,31,,
3187,c6,=,1,B,31,,
3188,Nc3,=,2,W,31,,
3189,d5,=,2,B,31,,
3190,Nf3,=,3,W,31,,
3191,a6,=,3,B,31,,
3192,d4,=,4,W,31,,
3193,Bg4,=,4,B,31,,
3194,Bd3,=,5,W,31,,
3195,e6,=,5,B,31,,
3196,h3,=,6,W,31,,
3197,Bh5,=,6,B,31,,
3198,Qe2,=,7,W,31,,
3199,Nf6,=,7,B,31,,
3200,e5,=,8,W,31,,
3201,Nfd7,=,8,B,31,,
3202,g4,=,9,W,31,,
3203,Bg6,=,9,B,31,,
3204,Bxg6,=,10,W,31,B,g
3205,hxg6,=,10,B,31,h,g
3206,Nd1,=,11,W,31,,
3207,c5,=,11,B,31,,
3208,c3,=,12,W,31,,
3209,Nc6,=,12,B,31,,
3210,Be3,=,13,W,31,,
3211,Rc8,=,13,B,31,,
3212,Kf1,=,14,W,31,,
3213,Qb6,=,14,B,31,,
3214,Kg2,=,15,W,31,,
3215,Be7,=,15,B,31,,
3216,a3,=,16,W,31,,
3217,Qb5,=,16,B,31,,
3218,Qd2,#e6912c,17,W,31,,
3219,Nb6,#ee6b55,17,B,31,,
3220,Rb1,#ee6b55,18,W,31,,
3221,Nc4,=,18,B,31,,
3222,Qc1,=,19,W,31,,
3223,cxd4,=,19,B,31,c,d
3224,cxd4,=,20,W,31,c,d
3225,Kd7,=,20,B,31,,
3226,a4,#b33430,21,W,31,,
3227,Qb3,#ee6b55,21,B,31,,
3228,Qc3,#e6912c,22,W,31,,
3229,Qxc3,#ee6b55,22,B,31,Q,c
3230,bxc3,=,23,W,31,b,c
3231,Rc7,=,23,B,31,,
3232,Bg5,=,24,W,31,,
3233,b6,#e6912c,24,B,31,,
3234,Bxe7,=,25,W,31,B,e
3235,Kxe7,=,25,B,31,K,e
3236,Ne3,=,26,W,31,,
3237,N6a5,=,26,B,31,,
3238,Rhc1,=,27,W,31,,
3239,Rhc8,=,27,B,31,,
3240,Nd1,=,28,W,31,,
3241,f6,=,28,B,31,,
3242,exf6+,=,29,W,31,e,f+
3243,gxf6,=,29,B,31,g,f
3244,Ne1,#e6912c,30,W,31,,
3245,e5,=,30,B,31,,
3246,Nd3,=,31,W,31,,
3247,Nd2,#b33430,31,B,31,,
3248,Rb2,#ee6b55,32,W,31,,
3249,Nab3,=,32,B,31,,
3250,dxe5,#b33430,33,W,31,d,e
3251,Nxc1,=,33,B,31,N,c
3252,exf6+,=,34,W,31,e,f+
3253,Kxf6,=,34,B,31,K,f
3254,Nxc1,=,35,W,31,N,c
3255,Nc4,=,35,B,31,,
3256,Rc2,=,36,W,31,,
3257,d4,=,36,B,31,,
3258,Kg3,=,37,W,31,,
3259,Na5,=,37,B,31,,
3260,Nd3,=,38,W,31,,
3261,dxc3,=,38,B,31,d,c
3262,Nb4,=,39,W,31,,
3263,Rd7,=,39,B,31,,
3264,Nxc3,=,40,W,31,N,c
3265,Kg7,=,40,B,31,,
3266,f3,=,41,W,31,,
3267,Rdc7,#e6912c,41,B,31,,
3268,Nbd5,=,42,W,31,,
3269,Rc5,=,42,B,31,,
3270,Rb2,=,43,W,31,,
3271,Nc4,#e6912c,43,B,31,,
3272,Rb4,#ee6b55,44,W,31,,
3273,a5,=,44,B,31,,
3274,Rb1,=,45,W,31,,
3275,Ne5,#e6912c,45,B,31,,
3276,Rxb6,=,46,W,31,R,b
3277,Rxc3,=,46,B,31,R,c
3278,Nxc3,=,47,W,31,N,c
3279,Rxc3,=,47,B,31,R,c
3280,Kf4,=,48,W,31,,
3281,Nxf3,=,48,B,31,N,f
3282,g5,#e6912c,49,W,31,,
3283,Nh4,#5c8bb0,49,B,31,,
3284,Rb7+,=,50,W,31,,
3285,Kf8,=,50,B,31,,
3286,Rh7,=,51,W,31,,
3287,Nf5,=,51,B,31,,
3288,Ke5,=,52,W,31,,
3289,Ne7,=,52,B,31,,
3290,Kf6,=,53,W,31,,
3291,Rf3+,=,53,B,31,,
3292,Ke6,=,54,W,31,,
3293,Re3+,=,54,B,31,,
3294,Kf6,=,55,W,31,,
3295,Ke8,=,55,B,31,,
3296,Rh8+,=,56,W,31,,
3297,Kd7,=,56,B,31,,
3298,Ra8,=,57,W,31,,
3299,Rf3+,#e6912c,57,B,31,,
3300,Kg7,#5c8bb0,58,W,31,,
3301,Rf5,=,58,B,31,,
3302,Ra7+,#5c8bb0,59,W,31,,
3303,Ke6,=,59,B,31,,
3304,Ra6+,#5c8bb0,60,W,31,,
3305,Ke5,=,60,B,31,,
3306,h4,#e6912c,61,W,31,,
3307,Nd5,#b33430,61,B,31,,
3308,Rxa5,=,62,W,31,R,a
3309,Rf4,=,62,B,31,,
3310,Kxg6,=,63,W,31,K,g
3311,Rxh4,=,63,B,31,R,h
3312,Kg7,=,64,W,31,,
3313,Rd4,=,64,B,31,,
3314,g6,=,65,W,31,,
3315,Rc4,=,65,B,31,,
3316,Ra6,=,66,W,31,,
3317,Rc7+,=,66,B,31,,
3318,Kh6,=,67,W,31,,
3319,Nf4,#e6912c,67,B,31,,
3320,g7,#5c8bb0,68,W,31,,
3321,Rc8,=,68,B,31,,
3322,Ra5+,#e6912c,69,W,31,,
3323,e4,=,1,W,32,,
3324,g6,=,1,B,32,,
3325,Nf3,=,2,W,32,,
3326,Bg7,=,2,B,32,,
3327,d4,=,3,W,32,,
3328,d6,=,3,B,32,,
3329,Bd3,=,4,W,32,,
3330,Nf6,=,4,B,32,,
3331,O-O,=,5,W,32,,
3332,O-O,=,5,B,32,,
3333,h3,=,6,W,32,,
3334,Nc6,=,6,B,32,,
3335,c3,=,7,W,32,,
3336,e5,=,7,B,32,,
3337,Re1,=,8,W,32,,
3338,Re8,=,8,B,32,,
3339,Nbd2,=,9,W,32,,
3340,b6,=,9,B,32,,
3341,Nf1,=,10,W,32,,
3342,Bb7,=,10,B,32,,
3343,Ng3,=,11,W,32,,
3344,a6,=,11,B,32,,
3345,Be3,=,12,W,32,,
3346,h6,#e6912c,12,B,32,,
3347,Qd2,=,13,W,32,,
3348,Kh7,=,13,B,32,,
3349,d5,=,14,W,32,,
3350,Nb8,=,14,B,32,,
3351,c4,=,15,W,32,,
3352,Nbd7,=,15,B,32,,
3353,b4,=,16,W,32,,
3354,a5,=,16,B,32,,
3355,a3,=,17,W,32,,
3356,axb4,=,17,B,32,a,b
3357,axb4,=,18,W,32,a,b
3358,c5,=,18,B,32,,
3359,bxc5,=,19,W,32,b,c
3360,bxc5,=,19,B,32,b,c
3361,Qc2,=,20,W,32,,
3362,Qc7,=,20,B,32,,
3363,Kh2,=,21,W,32,,
3364,Rxa1,=,21,B,32,R,a
3365,Rxa1,=,22,W,32,R,a
3366,Ra8,=,22,B,32,,
3367,Rxa8,=,23,W,32,R,a
3368,Bxa8,=,23,B,32,B,a
3369,Qa4,=,24,W,32,,
3370,Bb7,=,24,B,32,,
3371,Bd2,=,25,W,32,,
3372,Nb6,=,25,B,32,,
3373,Qa7,=,26,W,32,,
3374,Nc8,=,26,B,32,,
3375,Qa4,=,27,W,32,,
3376,Qd7,=,27,B,32,,
3377,Qa5,=,28,W,32,,
3378,Bf8,=,28,B,32,,
3379,Bc3,=,29,W,32,,
3380,Be7,=,29,B,32,,
3381,Nd2,=,30,W,32,,
3382,Bd8,=,30,B,32,,
3383,Qa1,=,31,W,32,,
3384,Nb6,=,31,B,32,,
3385,Bc2,=,32,W,32,,
3386,Qc8,=,32,B,32,,
3387,f4,=,33,W,32,,
3388,exf4,=,33,B,32,e,f
3389,Bxf6,=,34,W,32,B,f
3390,fxg3+,=,34,B,32,f,g+
3391,Kxg3,=,35,W,32,K,g
3392,Nd7,=,35,B,32,,
3393,Bxd8,=,36,W,32,B,d
3394,Qxd8,=,36,B,32,Q,d
3395,Nf3,#5c8bb0,37,W,32,,
3396,Qe7,=,37,B,32,,
3397,Qa7,=,38,W,32,,
3398,Ne5,=,38,B,32,,
3399,Kf2,=,39,W,32,,
3400,Nxc4,=,39,B,32,N,c
3401,Bd3,=,40,W,32,,
3402,Nb2,=,40,B,32,,
3403,Ba6,=,41,W,32,,
3404,Nd1+,#5c8bb0,41,B,32,,
3405,Kg1,=,42,W,32,,
3406,Qxe4,#1baca6,42,B,32,Q,e
3407,Qxb7,=,43,W,32,Q,b
3408,Qe3+,#5c8bb0,43,B,32,,
3409,Kh2,=,44,W,32,,
3410,Qf4+,=,44,B,32,,
3411,Kh1,#ee6b55,45,W,32,,
3412,Nf2+,#5c8bb0,45,B,32,,
3413,Kg1,=,46,W,32,,
3414,Nxh3+,=,46,B,32,N,h+
3415,gxh3,=,47,W,32,g,h
3416,Qg3+,=,47,B,32,,
3417,Kf1,=,48,W,32,,
3418,Qxf3+,=,48,B,32,Q,f+
3419,Ke1,=,49,W,32,,
3420,Qe3+,=,49,B,32,,
3421,Be2,=,50,W,32,,
3422,Qc1+,=,50,B,32,,
3423,Kf2,=,51,W,32,,
3424,Qf4+,=,51,B,32,,
3425,Ke1,=,52,W,32,,
3426,Qc1+,=,52,B,32,,
3427,Kf2,=,53,W,32,,
3428,Qf4+,=,53,B,32,,
3429,Ke1,=,54,W,32,,
3430,c4,#e6912c,54,B,32,,
3431,Qb6,#ee6b55,55,W,32,,
3432,c3,#5c8bb0,55,B,32,,
3433,Qc6,=,56,W,32,,
3434,Qd2+,=,56,B,32,,
3435,Kf2,=,57,W,32,,
3436,c2,=,57,B,32,,
3437,Qc7,=,58,W,32,,
3438,Qf4+,=,58,B,32,,
