move,skill,turn,color,match
e4,=,1,W,1
e5,=,1,B,1
Nf3,=,2,W,1
Nc6,=,2,B,1
d4,=,3,W,1
exd4,=,3,B,1
Nxd4,=,4,W,1
Nf6,=,4,B,1
Nc3,=,5,W,1
Bb4,=,5,B,1
Nxc6,=,6,W,1
bxc6,=,6,B,1
Bd3,=,7,W,1
O-O,=,7,B,1
O-O,=,8,W,1
d5,=,8,B,1
exd5,=,9,W,1
Bg4,=,9,B,1
f3,=,10,W,1
Bh5,#5c8bb0,10,B,1
dxc6,=,11,W,1
Qd4+,#5c8bb0,11,B,1
Kh1,=,12,W,1
Bxc3,=,12,B,1
bxc3,=,13,W,1
Qxc3,=,13,B,1
Rb1,=,14,W,1
Qxc6,=,14,B,1
Bb2,=,15,W,1
Bg6,=,15,B,1
Bxg6,=,16,W,1
hxg6,=,16,B,1
Qd3,=,17,W,1
Rfd8,=,17,B,1
Qc3,=,18,W,1
Qxc3,=,18,B,1
Bxc3,=,19,W,1
Nd5,=,19,B,1
Ba5,=,20,W,1
Ne3,=,20,B,1
Rfe1,=,21,W,1
Nxc2,=,21,B,1
Rec1,=,22,W,1
Ne3,=,22,B,1
Rxc7,=,23,W,1
Rab8,=,23,B,1
Rg1,=,24,W,1
a6,=,24,B,1
Re7,=,25,W,1
Re8,#e6912c,25,B,1
Rxe8+,=,26,W,1
Rxe8,=,26,B,1
Re1,#5c8bb0,27,W,1
Re6,=,27,B,1
Kg1,=,28,W,1
Re7,#e6912c,28,B,1
Bb4,#ee6b55,29,W,1
Rb7,#5c8bb0,29,B,1
Rxe3,=,30,W,1
Rxb4,=,30,B,1
Re8+,=,31,W,1
Kh7,=,31,B,1
Re4,=,32,W,1
Rb1+,=,32,B,1
Kf2,=,33,W,1
Rb2+,=,33,B,1
Re2,=,34,W,1
Rb4,=,34,B,1
Kg3,=,35,W,1
Ra4,=,35,B,1
Rd2,=,36,W,1
g5,=,36,B,1
Rc2,=,37,W,1
f6,=,37,B,1
Kh3,=,38,W,1
Kg6,=,38,B,1
g3,=,39,W,1
Kh6,=,39,B,1
Kg2,=,40,W,1
Kg6,=,40,B,1
Rd2,=,41,W,1
Kh6,=,41,B,1
Rc2,=,42,W,1
Kg6,=,42,B,1
Rd2,=,43,W,1
Kh6,=,43,B,1
Rc2,=,44,W,1
e4,=,1,W,2
d6,=,1,B,2
Nf3,=,2,W,2
g6,=,2,B,2
d4,=,3,W,2
Bg7,=,3,B,2
Bd3,=,4,W,2
Nf6,=,4,B,2
O-O,=,5,W,2
Nbd7,=,5,B,2
Re1,=,6,W,2
e5,=,6,B,2
c3,=,7,W,2
O-O,=,7,B,2
h3,=,8,W,2
Re8,=,8,B,2
Nbd2,=,9,W,2
b6,=,9,B,2
Nf1,=,10,W,2
Bb7,=,10,B,2
Ng3,=,11,W,2
exd4,#e6912c,11,B,2
cxd4,=,12,W,2
c5,=,12,B,2
d5,#5c8bb0,13,W,2
a6,#e6912c,13,B,2
a4,=,14,W,2
Rc8,=,14,B,2
Bf4,=,15,W,2
c4,=,15,B,2
Bc2,=,16,W,2
Nc5,=,16,B,2
Qd2,=,17,W,2
b5,=,17,B,2
axb5,=,18,W,2
axb5,=,18,B,2
Nd4,#e6912c,19,W,2
Qb6,#5c8bb0,19,B,2
Ngf5,#b33430,20,W,2
Nfxe4,=,20,B,2
Qe3,=,21,W,2
gxf5,#ee6b55,21,B,2
Nxf5,=,22,W,2
Bxb2,=,22,B,2
Bxe4,=,23,W,2
Rxe4,=,23,B,2
Qg3+,#5c8bb0,24,W,2
Kh8,#5c8bb0,24,B,2
Nxd6,=,25,W,2
Rf8,=,25,B,2
Nxe4,=,26,W,2
Nxe4,=,26,B,2
Be5+,#e6912c,27,W,2
f6,#5c8bb0,27,B,2
Rxe4,=,28,W,2
Bxe5,=,28,B,2
Rxe5,=,29,W,2
fxe5,=,29,B,2
Rb1,=,30,W,2
Qd4,=,30,B,2
Rxb5,=,31,W,2
Bxd5,=,31,B,2
Kh2,=,32,W,2
c3,=,32,B,2
Ra5,=,33,W,2
c2,=,33,B,2
Ra4,=,34,W,2
c1=Q,=,34,B,2
Rxd4,=,35,W,2
exd4,=,35,B,2
Qe5+,=,36,W,2
Kg8,=,36,B,2
Qxd5+,=,37,W,2
Rf7,=,37,B,2
Qd8+,=,38,W,2
Kg7,=,38,B,2
Qxd4+,=,39,W,2
Rf6,=,39,B,2
Qd7+,=,40,W,2
Kh6,=,40,B,2
Qa7,=,41,W,2
Qf4+,=,41,B,2
Kg1,=,42,W,2
Rc6,=,42,B,2
g3,=,43,W,2
Qf3,=,43,B,2
Kh2,=,44,W,2
Rf6,=,44,B,2
Kg1,=,45,W,2
Re6,=,45,B,2
Kh2,=,46,W,2
Re2,=,46,B,2
Qb6+,=,47,W,2
Kg7,=,47,B,2
Qc7+,=,48,W,2
Kf6,=,48,B,2
Qd6+,=,49,W,2
Kg7,=,49,B,2
Qd7+,=,50,W,2
Kg6,=,50,B,2
Qd6+,=,51,W,2
Kg7,=,51,B,2
Qd7+,=,52,W,2
Kg6,=,52,B,2
Qd6+,=,53,W,2
Kg7,#e6912c,53,B,2
e4,=,1,W,3
d5,=,1,B,3
Nc3,=,2,W,3
dxe4,=,2,B,3
Nxe4,=,3,W,3
Nf6,=,3,B,3
Nxf6+,=,4,W,3
exf6,=,4,B,3
g3,=,5,W,3
Bd6,=,5,B,3
Bg2,=,6,W,3
O-O,=,6,B,3
Ne2,=,7,W,3
Re8,=,7,B,3
O-O,=,8,W,3
Nc6,=,8,B,3
h3,=,9,W,3
Bf5,=,9,B,3
d3,=,10,W,3
Qd7,=,10,B,3
g4,=,11,W,3
Bg6,=,11,B,3
Nf4,=,12,W,3
Bxf4,=,12,B,3
Bxf4,=,13,W,3
Nd4,=,13,B,3
Be3,=,14,W,3
c6,=,14,B,3
Re1,=,15,W,3
f5,=,15,B,3
c3,=,16,W,3
Ne6,=,16,B,3
d4,=,17,W,3
f4,=,17,B,3
Bd2,=,18,W,3
h6,=,18,B,3
Qf3,=,19,W,3
Qd6,=,19,B,3
Re5,=,20,W,3
Ng5,#b33430,20,B,3
Qxf4,=,21,W,3
Rxe5,#e6912c,21,B,3
Qxe5,=,22,W,3
Qxe5,=,22,B,3
dxe5,=,23,W,3
Ne4,=,23,B,3
Be3,=,24,W,3
Rd8,=,24,B,3
f4,=,25,W,3
f5,=,25,B,3
exf6,=,26,W,3
Nxf6,=,26,B,3
f5,=,27,W,3
Bf7,=,27,B,3
b3,#e6912c,28,W,3
b6,#e6912c,28,B,3
c4,=,29,W,3
c5,=,29,B,3
Re1,=,30,W,3
Rd3,=,30,B,3
Kf2,=,31,W,3
a5,=,31,B,3
Ke2,=,32,W,3
Rd7,=,32,B,3
Rd1,=,33,W,3
e4,=,1,W,4
d6,=,1,B,4
d4,=,2,W,4
g6,=,2,B,4
Nc3,=,3,W,4
Bg7,=,3,B,4
Be3,=,4,W,4
Nf6,=,4,B,4
f3,=,5,W,4
c6,=,5,B,4
Qd2,=,6,W,4
b5,=,6,B,4
Bd3,=,7,W,4
Nbd7,=,7,B,4
Nh3,=,8,W,4
e5,=,8,B,4
dxe5,=,9,W,4
dxe5,#e6912c,9,B,4
Nf2,=,10,W,4
O-O,=,10,B,4
a4,=,11,W,4
b4,=,11,B,4
Ne2,=,12,W,4
a5,=,12,B,4
O-O,=,13,W,4
Qe7,=,13,B,4
Rfd1,=,14,W,4
Nc5,=,14,B,4
Bc4,=,15,W,4
Nfd7,#e6912c,15,B,4
Qd6,#5c8bb0,16,W,4
Qxd6,=,16,B,4
Rxd6,=,17,W,4
Re8,=,17,B,4
Rxc6,=,18,W,4
Bf8,=,18,B,4
Rd1,=,19,W,4
Nxa4,=,19,B,4
Bb5,#e6912c,20,W,4
Nac5,#e6912c,20,B,4
Bxc5,#ee6b55,21,W,4
Nxc5,=,21,B,4
Rd5,#e6912c,22,W,4
Ne6,=,22,B,4
b3,=,23,W,4
Bb7,#5c8bb0,23,B,4
Rxe5,=,24,W,4
Reb8,=,24,B,4
Rb6,=,25,W,4
Bc5,#ee6b55,25,B,4
Rbxe6,#5c8bb0,26,W,4
Bxf2+,=,26,B,4
Kxf2,=,27,W,4
fxe6,=,27,B,4
Bc4,=,28,W,4
Bc8,=,28,B,4
Nd4,=,29,W,4
Rb6,=,29,B,4
Nxe6,=,30,W,4
Bxe6,=,30,B,4
Bxe6+,=,31,W,4
Kg7,=,31,B,4
Bc4,#5c8bb0,32,W,4
Ra7,=,32,B,4
Ke3,=,33,W,4
Rc6,=,33,B,4
Bd3,=,34,W,4
a4,#e6912c,34,B,4
bxa4,#5c8bb0,35,W,4
Rxa4,=,35,B,4
Rb5,=,36,W,4
Rc7,=,36,B,4
f4,=,37,W,4
Rd7,#e6912c,37,B,4
g4,=,38,W,4
Rc7,=,38,B,4
h4,=,39,W,4
Ra3,=,39,B,4
f5,#e6912c,40,W,4
Rxc2,=,40,B,4
Rb7+,=,41,W,4
Kf6,#b33430,41,B,4
Kd4,#5c8bb0,42,W,4
Rxd3+,=,42,B,4
Kxd3,=,43,W,4
Rg2,=,43,B,4
g5+,=,44,W,4
Ke5,=,44,B,4
Re7+,=,45,W,4
Kd6,=,45,B,4
f6,=,46,W,4
b3,=,46,B,4
Rb7,=,47,W,4
b2,=,47,B,4
Kc3,=,48,W,4
Rg4,=,48,B,4
Rxb2,=,49,W,4
Rxe4,=,49,B,4
Rb8,=,50,W,4
Rf4,=,50,B,4
Rh8,=,51,W,4
Ke6,=,51,B,4
Rxh7,=,52,W,4
Ra4,=,52,B,4
Re7+,=,53,W,4
Kd5,=,53,B,4
Rg7,=,54,W,4
Rxh4,=,54,B,4
Rxg6,=,55,W,4
Rf4,=,55,B,4
Rg8,=,56,W,4
Ke6,=,56,B,4
Re8+,=,57,W,4
Kd6,=,57,B,4
g6,=,58,W,4
Rf3+,=,58,B,4
Kd4,=,59,W,4
Rxf6,=,59,B,4
Ke3,#ee6b55,60,W,4
Rf4,#b33430,60,B,4
Kxf4,=,61,W,4
Kd7,=,61,B,4
Re5,=,62,W,4
e4,=,1,W,5
e5,=,1,B,5
Nc3,=,2,W,5
Nc6,=,2,B,5
Bc4,=,3,W,5
Bc5,=,3,B,5
d3,=,4,W,5
d6,=,4,B,5
Nf3,=,5,W,5
Be6,=,5,B,5
Bb3,=,6,W,5
Nf6,=,6,B,5
O-O,=,7,W,5
h6,=,7,B,5
Be3,=,8,W,5
Bxe3,=,8,B,5
fxe3,=,9,W,5
Qd7,=,9,B,5
Nh4,=,10,W,5
Ne7,=,10,B,5
Qf3,=,11,W,5
c6,=,11,B,5
Qg3,=,12,W,5
Nh5,=,12,B,5
Qf3,=,13,W,5
Nf6,=,13,B,5
Qg3,=,14,W,5
Nh5,=,14,B,5
Qf2,=,15,W,5
Nf6,=,15,B,5
d4,=,16,W,5
O-O,=,16,B,5
Rad1,=,17,W,5
Qc7,=,17,B,5
Qg3,=,18,W,5
Nh5,=,18,B,5
Qf3,=,19,W,5
Nf6,#e6912c,19,B,5
Qg3,#ee6b55,20,W,5
Nh5,=,20,B,5
Qf3,=,21,W,5
Nf6,#e6912c,21,B,5
Bxe6,=,22,W,5
fxe6,=,22,B,5
Qh3,=,23,W,5
Qc8,=,23,B,5
dxe5,#5c8bb0,24,W,5
dxe5,=,24,B,5
Nf3,=,25,W,5
Ng6,=,25,B,5
Qg3,=,26,W,5
Kh7,=,26,B,5
Nxe5,=,27,W,5
Nxe5,=,27,B,5
Qxe5,=,28,W,5
Ng4,=,28,B,5
Qg3,=,29,W,5
Rxf1+,=,29,B,5
Rxf1,=,30,W,5
e5,=,30,B,5
h3,=,31,W,5
Nf6,=,31,B,5
Qxe5,=,32,W,5
Qe8,=,32,B,5
Qf5+,=,33,W,5
Qg6,=,33,B,5
e5,=,34,W,5
Qxf5,=,34,B,5
Rxf5,=,35,W,5
Kg6,=,35,B,5
g4,=,36,W,5
Nd7,=,36,B,5
e6,=,37,W,5
Nb6,=,37,B,5
Ne2,=,38,W,5
Nd5,=,38,B,5
e4,=,39,W,5
Nc7,=,39,B,5
Nf4+,=,40,W,5
Kh7,=,40,B,5
Rf7,=,41,W,5
Nb5,=,41,B,5
Nh5,=,42,W,5
e4,=,1,W,6
d6,=,1,B,6
d4,=,2,W,6
g6,=,2,B,6
Nf3,=,3,W,6
Bg7,=,3,B,6
Bc4,=,4,W,6
Nf6,=,4,B,6
Qe2,=,5,W,6
c6,=,5,B,6
Bb3,=,6,W,6
a5,=,6,B,6
a4,=,7,W,6
O-O,=,7,B,6
h3,=,8,W,6
e5,=,8,B,6
dxe5,=,9,W,6
dxe5,=,9,B,6
O-O,=,10,W,6
Qe7,=,10,B,6
Na3,=,11,W,6
Be6,#e6912c,11,B,6
Bxe6,=,12,W,6
Qxe6,=,12,B,6
Re1,=,13,W,6
Nbd7,=,13,B,6
Qc4,=,14,W,6
Rfe8,=,14,B,6
Be3,#e6912c,15,W,6
Qxc4,#5c8bb0,15,B,6
Nxc4,=,16,W,6
Nxe4,=,16,B,6
Rad1,=,17,W,6
Ndc5,=,17,B,6
Nb6,=,18,W,6
Ra6,=,18,B,6
Nd7,#ee6b55,19,W,6
Nxa4,=,19,B,6
Bc1,=,20,W,6
Nac5,=,20,B,6
Nfxe5,=,21,W,6
Bxe5,=,21,B,6
Nxe5,=,22,W,6
Rxe5,=,22,B,6
Rd8+,=,23,W,6
Kg7,=,23,B,6
f3,=,24,W,6
Rd5,=,24,B,6
Rxd5,=,25,W,6
cxd5,=,25,B,6
Be3,=,26,W,6
Rc6,=,26,B,6
Bd4+,=,27,W,6
f6,=,27,B,6
fxe4,=,28,W,6
dxe4,=,28,B,6
Bxc5,=,29,W,6
Rxc5,=,29,B,6
Rxe4,=,30,W,6
Kf7,=,30,B,6
b4,=,31,W,6
axb4,#5c8bb0,31,B,6
Rxb4,=,32,W,6
b5,=,32,B,6
Rb2,=,33,W,6
Ke6,=,33,B,6
Ra2,=,34,W,6
Kd5,=,34,B,6
Kf2,=,35,W,6
Kc4,=,35,B,6
Ra3,=,36,W,6
Kb4,=,36,B,6
Rb3+,=,37,W,6
Ka4,=,37,B,6
Rb2,=,38,W,6
b4,=,38,B,6
Ra2+,=,39,W,6
Kb5,=,39,B,6
Ke3,=,40,W,6
Rc3+,=,40,B,6
Kd4,=,41,W,6
Rg3,=,41,B,6
Rb2,=,42,W,6
f5,=,42,B,6
c4+,=,43,W,6
Ka4,=,43,B,6
c5,=,44,W,6
Ka3,=,44,B,6
Re2,=,45,W,6
b3,=,45,B,6
c6,=,46,W,6
b2,#5c8bb0,46,B,6
c7,=,47,W,6
b1=Q,=,47,B,6
c8=Q,=,48,W,6
Qd3+,=,48,B,6
Ke5,=,49,W,6
Qxe2+,=,49,B,6
Kf6,=,50,W,6
Qb2+,=,50,B,6
Kf7,=,51,W,6
Qb3+,=,51,B,6
Kg7,=,52,W,6
Rc3,=,52,B,6
Qa8+,=,53,W,6
Kb2,=,53,B,6
e4,=,1,W,7
Nf6,=,1,B,7
Nc3,=,2,W,7
d5,=,2,B,7
e5,=,3,W,7
Ne4,=,3,B,7
Nce2,=,4,W,7
f6,=,4,B,7
exf6,#e6912c,5,W,7
exf6,=,5,B,7
d4,#e6912c,6,W,7
Bd6,#ee6b55,6,B,7
g3,#ee6b55,7,W,7
O-O,=,7,B,7
Bg2,=,8,W,7
Re8,=,8,B,7
Nf3,=,9,W,7
Nd7,=,9,B,7
O-O,=,10,W,7
c6,=,10,B,7
b3,=,11,W,7
Nf8,=,11,B,7
c4,=,12,W,7
Bf5,=,12,B,7
Bb2,=,13,W,7
Qd7,=,13,B,7
Rc1,=,14,W,7
Bh3,=,14,B,7
cxd5,=,15,W,7
cxd5,=,15,B,7
Nc3,=,16,W,7
Nxc3,=,16,B,7
Rxc3,=,17,W,7
Bxg2,=,17,B,7
Kxg2,=,18,W,7
Ng6,=,18,B,7
Qd2,#b33430,19,W,7
Qg4,#ee6b55,19,B,7
h3,=,20,W,7
Qf5,=,20,B,7
Qd3,=,21,W,7
Qxd3,=,21,B,7
Rxd3,=,22,W,7
Rac8,=,22,B,7
Rfd1,=,23,W,7
Re2,=,23,B,7
R3d2,=,24,W,7
Rxd2,=,24,B,7
Rxd2,=,25,W,7
Kf7,=,25,B,7
Re2,=,26,W,7
Ne7,=,26,B,7
Ne1,=,27,W,7
g5,=,27,B,7
Rc2,=,28,W,7
h5,=,28,B,7
Rxc8,=,29,W,7
Nxc8,=,29,B,7
g4,=,30,W,7
h4,=,30,B,7
Nc2,=,31,W,7
Ne7,=,31,B,7
Ne3,=,32,W,7
Ke6,=,32,B,7
Kf3,=,33,W,7
Ng6,=,33,B,7
Ng2,=,34,W,7
Bf4,=,34,B,7
Bc3,=,35,W,7
b5,=,35,B,7
a4,=,36,W,7
a6,=,36,B,7
Ke2,=,37,W,7
Bd6,=,37,B,7
Kd3,=,38,W,7
f5,=,38,B,7
f3,#5c8bb0,39,W,7
Bg3,=,39,B,7
Bd2,=,40,W,7
f4,=,40,B,7
Ba5,=,41,W,7
Ne7,=,41,B,7
Bd8,#e6912c,42,W,7
Kd7,#ee6b55,42,B,7
Bxe7,=,43,W,7
Kxe7,=,43,B,7
axb5,#5c8bb0,44,W,7
axb5,=,44,B,7
Ke2,=,45,W,7
b4,=,45,B,7
Ne1,=,46,W,7
Bxe1,=,46,B,7
Kxe1,=,47,W,7
Kd6,=,47,B,7
Ke2,=,48,W,7
Kc6,=,48,B,7
Kd3,=,49,W,7
Kd6,=,49,B,7
Kd2,=,50,W,7
Kc6,=,50,B,7
Kd1,=,51,W,7
Kd6,=,51,B,7
Kc1,=,52,W,7
Kc6,=,52,B,7
Kc2,=,53,W,7
Kd6,=,53,B,7
Kb2,=,54,W,7
Kc6,=,54,B,7
Kb1,=,55,W,7
Kd6,=,55,B,7
Ka2,=,56,W,7
Kc6,=,56,B,7
Ka1,=,57,W,7
Kd6,=,57,B,7
Kb1,=,58,W,7
Kc6,=,58,B,7
Kc1,=,59,W,7
Kd6,=,59,B,7
Kd1,=,60,W,7
Kc6,=,60,B,7
Ke1,=,61,W,7
Kd6,=,61,B,7
Kf1,=,62,W,7
Kc6,=,62,B,7
Kg1,=,63,W,7
Kd6,=,63,B,7
Kh1,=,64,W,7
Kc6,=,64,B,7
Kh2,=,65,W,7
Kd6,=,65,B,7
Kg2,=,66,W,7
Kc6,=,66,B,7
Kf2,=,67,W,7
Kd6,=,67,B,7
Ke2,=,68,W,7
Kc6,=,68,B,7
Kd2,=,69,W,7
Kd6,=,69,B,7
Kd1,=,70,W,7
Kc6,=,70,B,7
Ke1,=,71,W,7
Kd6,=,71,B,7
e4,=,1,W,8
d6,=,1,B,8
d4,=,2,W,8
g6,=,2,B,8
Nc3,=,3,W,8
Bg7,=,3,B,8
f4,=,4,W,8
a6,=,4,B,8
Nf3,=,5,W,8
b5,=,5,B,8
Bd3,=,6,W,8
Nd7,=,6,B,8
Be3,=,7,W,8
Bb7,=,7,B,8
e5,=,8,W,8
Nh6,=,8,B,8
Be4,=,9,W,8
Qc8,=,9,B,8
Qd3,=,10,W,8
Nb6,=,10,B,8
O-O,#b33430,11,W,8
Nc4,#ee6b55,11,B,8
b3,=,12,W,8
Nxe3,=,12,B,8
Qxe3,=,13,W,8
Nf5,=,13,B,8
Qf2,=,14,W,8
b4,=,14,B,8
Nd5,=,15,W,8
e6,=,15,B,8
Bxf5,=,16,W,8
Bxd5,=,16,B,8
Bd3,=,17,W,8
O-O,=,17,B,8
Rae1,=,18,W,8
c5,=,18,B,8
dxc5,=,19,W,8
dxc5,=,19,B,8
Be4,=,20,W,8
c4,=,20,B,8
Bxd5,=,21,W,8
exd5,=,21,B,8
Rd1,=,22,W,8
Rd8,=,22,B,8
Rfe1,=,23,W,8
Bf8,=,23,B,8
Kh1,=,24,W,8
Bc5,#e6912c,24,B,8
Qh4,=,25,W,8
Qc7,=,25,B,8
Ng5,=,26,W,8
h5,=,26,B,8
f5,=,27,W,8
d4,=,27,B,8
e6,=,28,W,8
f6,=,28,B,8
Nf7,=,29,W,8
Kg7,=,29,B,8
Nxd8,=,30,W,8
Rxd8,=,30,B,8
fxg6,=,31,W,8
Rd5,=,31,B,8
bxc4,=,32,W,8
Rg5,=,32,B,8
Qe4,=,33,W,8
Re5,=,33,B,8
Qf3,=,34,W,8
a5,=,34,B,8
Rxe5,=,35,W,8
Qxe5,=,35,B,8
Qd5,=,36,W,8
Qe2,=,36,B,8
Rg1,=,37,W,8
d3,=,37,B,8
Qxc5,=,38,W,8
dxc2,=,38,B,8
Qe7+,=,39,W,8
Kxg6,=,39,B,8
Qf7+,=,40,W,8
Kf5,=,40,B,8
e7,=,41,W,8
Qd1,=,41,B,8
e8=Q,=,42,W,8
Qxg1+,=,42,B,8
Kxg1,=,43,W,8
c1=Q+,=,43,B,8
Kf2,=,44,W,8
Qf4+,=,44,B,8
Ke2,=,45,W,8
Qxc4+,=,45,B,8
Kd2,=,46,W,8
Qc3+,=,46,B,8
Ke2,=,47,W,8
Qc4+,=,47,B,8
Qxc4,=,48,W,8
e4,=,1,W,9
e6,=,1,B,9
Nc3,=,2,W,9
d5,=,2,B,9
Nf3,=,3,W,9
Nf6,=,3,B,9
d3,=,4,W,9
dxe4,=,4,B,9
Nxe4,=,5,W,9
Nxe4,=,5,B,9
dxe4,=,6,W,9
Qxd1+,=,6,B,9
Kxd1,=,7,W,9
b6,=,7,B,9
Be3,=,8,W,9
Bb7,=,8,B,9
Nd2,=,9,W,9
Nd7,=,9,B,9
f3,=,10,W,9
Bc5,=,10,B,9
Bxc5,=,11,W,9
Nxc5,=,11,B,9
c3,=,12,W,9
Ke7,=,12,B,9
Kc2,=,13,W,9
Rad8,=,13,B,9
Re1,=,14,W,9
g5,=,14,B,9
Nb3,=,15,W,9
Nxb3,=,15,B,9
axb3,=,16,W,9
a5,=,16,B,9
Bd3,=,17,W,9
h5,=,17,B,9
h4,=,18,W,9
g4,=,18,B,9
fxg4,=,19,W,9
hxg4,=,19,B,9
g3,=,20,W,9
Rh5,=,20,B,9
Rhf1,=,21,W,9
Re5,=,21,B,9
Rf4,=,22,W,9
Rg8,=,22,B,9
Ref1,=,23,W,9
Rg7,=,23,B,9
Kd2,=,24,W,9
b5,#e6912c,24,B,9
b4,=,25,W,9
axb4,#e6912c,25,B,9
cxb4,=,26,W,9
c5,=,26,B,9
bxc5,=,27,W,9
Rxc5,=,27,B,9
b4,=,28,W,9
Re5,=,28,B,9
Ke3,#e6912c,29,W,9
f5,#5c8bb0,29,B,9
Kd4,=,30,W,9
Kf6,#5c8bb0,30,B,9
exf5,=,31,W,9
Rd7+,#e6912c,31,B,9
Kc3,=,32,W,9
Re3,#e6912c,32,B,9
fxe6+,#5c8bb0,33,W,9
Kxe6,=,33,B,9
Rf6+,#5c8bb0,34,W,9
Ke7,=,34,B,9
Rf7+,#5c8bb0,35,W,9
Kd8,=,35,B,9
Rxd7+,=,36,W,9
Kxd7,=,36,B,9
Rf7+,=,37,W,9
Kc8,=,37,B,9
h5,=,38,W,9
Rxg3,=,38,B,9
Kd4,#5c8bb0,39,W,9
Rh3,=,39,B,9
Bf5+,=,40,W,9
Kb8,=,40,B,9
Rh7,#5c8bb0,41,W,9
Rh4,=,41,B,9
Be4,#e6912c,42,W,9
g3,#b33430,42,B,9
Rxb7+,=,43,W,9
d4,=,1,W,10
d6,=,1,B,10
c4,=,2,W,10
Nf6,=,2,B,10
Nc3,=,3,W,10
g6,=,3,B,10
Nf3,=,4,W,10
Bg7,=,4,B,10
g3,=,5,W,10
O-O,=,5,B,10
Bg2,=,6,W,10
Nc6,=,6,B,10
O-O,=,7,W,10
e5,=,7,B,10
dxe5,=,8,W,10
dxe5,=,8,B,10
Bg5,=,9,W,10
Qxd1,=,9,B,10
Rfxd1,=,10,W,10
h6,=,10,B,10
Bxf6,=,11,W,10
Bxf6,=,11,B,10
Nd5,=,12,W,10
Bd8,=,12,B,10
Nd2,=,13,W,10
Re8,=,13,B,10
Ne4,=,14,W,10
Kg7,=,14,B,10
e3,=,15,W,10
f5,=,15,B,10
Nec3,=,16,W,10
Ne7,=,16,B,10
Nb5,=,17,W,10
Nxd5,#5c8bb0,17,B,10
cxd5,=,18,W,10
a6,=,18,B,10
Nxc7,=,19,W,10
Bxc7,=,19,B,10
d6,#5c8bb0,20,W,10
Bxd6,#e6912c,20,B,10
Rxd6,=,21,W,10
Re7,=,21,B,10
Rd8,=,22,W,10
Rd7,#e6912c,22,B,10
Rd1,#ee6b55,23,W,10
Rxd1+,=,23,B,10
Rxd1,=,24,W,10
Be6,#5c8bb0,24,B,10
a3,=,25,W,10
e4,=,25,B,10
Rd6,=,26,W,10
Kf7,=,26,B,10
Rb6,=,27,W,10
Bd5,=,27,B,10
g4,=,28,W,10
Rc8,=,28,B,10
h3,=,29,W,10
fxg4,=,29,B,10
hxg4,=,30,W,10
Bc6,=,30,B,10
Rb4,=,31,W,10
Re8,=,31,B,10
Kh2,=,32,W,10
g5,=,32,B,10
Kg3,=,33,W,10
Kf6,=,33,B,10
Rd4,=,34,W,10
Ke5,=,34,B,10
b4,=,35,W,10
Re6,=,35,B,10
Bf1,=,36,W,10
Rd6,=,36,B,10
Rxd6,=,37,W,10
Kxd6,=,37,B,10
Bc4,=,38,W,10
Ke5,=,38,B,10
Bb3,=,39,W,10
Bd7,=,39,B,10
Bc4,=,40,W,10
Be6,=,40,B,10
Be2,=,41,W,10
Bb3,=,41,B,10
f4+,=,42,W,10
exf3,=,42,B,10
Bxf3,=,43,W,10
b6,=,43,B,10
Be2,=,44,W,10
a5,=,44,B,10
bxa5,=,45,W,10
bxa5,=,45,B,10
Kf2,#e6912c,46,W,10
Bd5,#ee6b55,46,B,10
Bd3,=,47,W,10
Be6,=,47,B,10
Kf3,=,48,W,10
Kd5,=,48,B,10
Bb1,=,49,W,10
Kc5,=,49,B,10
Bd3,=,50,W,10
Bd5+,=,50,B,10
Kf2,=,51,W,10
Bc6,=,51,B,10
Kg3,=,52,W,10
Bd7,=,52,B,10
Kf3,=,53,W,10
Bc6+,=,53,B,10
Kg3,=,54,W,10
Be8,=,54,B,10
Kf3,=,55,W,10
Kd5,=,55,B,10
Kg3,=,56,W,10
Ke5,=,56,B,10
Kf3,=,57,W,10
Bd7,=,57,B,10
Kg3,=,58,W,10
Bc6,=,58,B,10
Kf2,=,59,W,10
Bd5,=,59,B,10
Kg3,=,60,W,10
Bf7,=,60,B,10
Kf2,=,61,W,10
h5,=,61,B,10
gxh5,=,62,W,10
Bxh5,=,62,B,10
Kg3,=,63,W,10
Be8,=,63,B,10
Kg4,=,64,W,10
Kf6,=,64,B,10
e4,=,65,W,10
Bd7+,=,65,B,10
Kh5,=,66,W,10
g4,=,66,B,10
Kh4,#5c8bb0,67,W,10
Ke5,=,67,B,10
Kg3,#5c8bb0,68,W,10
Kd4,=,68,B,10
Be2,=,69,W,10
Kxe4,=,69,B,10
Bxg4,=,70,W,10
Be8,=,70,B,10
Be6,=,71,W,10
Kd4,=,71,B,10
Kf4,=,72,W,10
Kc3,=,72,B,10
Ke3,=,73,W,10
Kb2,=,73,B,10
Kd2,=,74,W,10
Kxa3,=,74,B,10
Kc3,=,75,W,10
Bc6,=,75,B,10
Bc4,=,76,W,10
Bd7,=,76,B,10
Bb3,=,77,W,10
Bb5,=,77,B,10
Bc2,=,78,W,10
Bf1,=,78,B,10
Kd2,=,79,W,10
Bg2,=,79,B,10
Kc1,=,80,W,10
Kb4,=,80,B,10
Kb1,=,81,W,10
Bc6,=,81,B,10
Ka1,=,82,W,10
Ba4,=,82,B,10
Bb1,=,83,W,10
Bb3,=,83,B,10
Bc2,=,84,W,10
Bc4,=,84,B,10
Bb1,=,85,W,10
Bd5,=,85,B,10
Kb2,=,86,W,10
Bc6,=,86,B,10
Ka1,=,87,W,10
Ba4,=,87,B,10
Kb2,=,88,W,10
Bd1,=,88,B,10
Ka1,=,89,W,10
Be2,=,89,B,10
Kb2,=,90,W,10
Bg4,=,90,B,10
Ka1,=,91,W,10
Bh5,=,91,B,10
Kb2,=,92,W,10
Bf7,=,92,B,10
Ka1,=,93,W,10
a4,=,93,B,10
Kb2,=,94,W,10
Be8,=,94,B,10
Bc2,=,95,W,10
a3+,=,95,B,10
Ka1,=,96,W,10
Bd7,=,96,B,10
Kb1,=,97,W,10
Bc6,=,97,B,10
Ka1,=,98,W,10
Be4,=,98,B,10
Kb1,=,99,W,10
Bxc2+,=,99,B,10
Ka1,=,100,W,10
Ba4,=,100,B,10
Kb1,=,101,W,10
Bb5,=,101,B,10
Ka1,=,102,W,10
Ba6,=,102,B,10
Kb1,=,103,W,10
Bb7,=,103,B,10
Ka1,=,104,W,10
Bc8,=,104,B,10
Kb1,=,105,W,10
Bd7,=,105,B,10
Ka1,=,106,W,10
Bc6,=,106,B,10
Kb1,=,107,W,10
Bd5,=,107,B,10
Ka1,#5c8bb0,108,W,10
Be4,=,108,B,10
Ka2,=,109,W,10
Bf5,=,109,B,10
Ka1,=,110,W,10
Be6,=,110,B,10
Kb1,=,111,W,10
Bd7,=,111,B,10
Ka1,=,112,W,10
Be8,=,112,B,10
Kb1,=,113,W,10
Bg6+,=,113,B,10
Ka1,=,114,W,10
Bh7,=,114,B,10
Ka2,=,115,W,10
Bg8+,=,115,B,10
e4,=,1,W,11
Nf6,=,1,B,11
Nc3,=,2,W,11
e5,=,2,B,11
Nf3,=,3,W,11
Nc6,=,3,B,11
d4,=,4,W,11
exd4,=,4,B,11
Nxd4,=,5,W,11
Bc5,=,5,B,11
Nb3,=,6,W,11
Bb6,=,6,B,11
Bd3,=,7,W,11
O-O,=,7,B,11
O-O,=,8,W,11
d6,=,8,B,11
Bg5,=,9,W,11
Re8,#e6912c,9,B,11
Nd5,=,10,W,11
Be6,=,10,B,11
Nxf6+,=,11,W,11
gxf6,=,11,B,11
Bh4,=,12,W,11
Ne5,=,12,B,11
Kh1,=,13,W,11
Ng6,#5c8bb0,13,B,11
Bg3,=,14,W,11
Bd7,#e6912c,14,B,11
Qh5,#5c8bb0,15,W,11
Bc6,=,15,B,11
Rae1,=,16,W,11
d5,=,16,B,11
exd5,=,17,W,11
Qxd5,#e6912c,17,B,11
Qxd5,=,18,W,11
Bxd5,=,18,B,11
c4,=,19,W,11
Be6,=,19,B,11
c5,#5c8bb0,20,W,11
Red8,=,20,B,11
Bxg6,=,21,W,11
Bxb3,=,21,B,11
cxb6,=,22,W,11
axb6,=,22,B,11
Bxh7+,#1baca6,23,W,11
Kxh7,=,23,B,11
axb3,=,24,W,11
Rd7,=,24,B,11
Rd1,=,25,W,11
e4,=,1,W,12
g6,=,1,B,12
d4,=,2,W,12
Bg7,=,2,B,12
Nf3,=,3,W,12
d6,=,3,B,12
Bc4,=,4,W,12
Nf6,=,4,B,12
Qe2,=,5,W,12
O-O,=,5,B,12
Bb3,=,6,W,12
Nc6,=,6,B,12
h3,=,7,W,12
e5,=,7,B,12
dxe5,=,8,W,12
dxe5,=,8,B,12
c3,=,9,W,12
Qe7,=,9,B,12
O-O,=,10,W,12
Be6,=,10,B,12
Bg5,=,11,W,12
h6,=,11,B,12
Bxf6,=,12,W,12
Bxf6,=,12,B,12
Nbd2,=,13,W,12
Rfd8,=,13,B,12
Rfd1,=,14,W,12
Na5,=,14,B,12
Bxe6,=,15,W,12
Qxe6,=,15,B,12
Qb5,=,16,W,12
b6,=,16,B,12
b4,=,17,W,12
a6,=,17,B,12
Qe2,=,18,W,12
Nb7,=,18,B,12
Qc4,=,19,W,12
Qe7,=,19,B,12
Qc6,=,20,W,12
Nd6,=,20,B,12
Nc4,=,21,W,12
Nb5,=,21,B,12
Ne3,=,22,W,12
Qe6,=,22,B,12
Qxe6,=,23,W,12
fxe6,=,23,B,12
Rxd8+,=,24,W,12
Rxd8,=,24,B,12
Rc1,=,25,W,12
Nd6,=,25,B,12
Ng4,=,26,W,12
Kg7,=,26,B,12
Nxf6,=,27,W,12
Kxf6,=,27,B,12
Nd2,=,28,W,12
Nb5,=,28,B,12
Nb1,=,29,W,12
Nd6,=,29,B,12
f3,=,30,W,12
Nc4,=,30,B,12
Kf2,=,31,W,12
Rc8,=,31,B,12
Ke2,=,32,W,12
c5,=,32,B,12
Nd2,=,33,W,12
Nd6,=,33,B,12
bxc5,=,34,W,12
Rxc5,=,34,B,12
c4,=,35,W,12
b5,=,35,B,12
Kd3,=,36,W,12
bxc4+,=,36,B,12
Nxc4,=,37,W,12
Rc8,=,37,B,12
Rc2,=,38,W,12
Nb5,=,38,B,12
a4,=,39,W,12
Rd8+,=,39,B,12
Ke3,=,40,W,12
Nd4,=,40,B,12
Rd2,=,41,W,12
Rc8,=,41,B,12
Nxe5,=,42,W,12
Nc2+,=,42,B,12
Kf4,#b33430,43,W,12
g5+,#5c8bb0,43,B,12
Kg4,=,44,W,12
Kxe5,=,44,B,12
Kh5,=,45,W,12
Ne3,=,45,B,12
Kxh6,=,46,W,12
Kf6,=,46,B,12
e5+,=,47,W,12
Kf5,=,47,B,12
Rd6,=,48,W,12
Nxg2,=,48,B,12
Rxa6,=,49,W,12
Nf4,=,49,B,12
Ra7,=,50,W,12
Rh8+,=,50,B,12
Kg7,=,51,W,12
Rxh3,=,51,B,12
a5,=,52,W,12
Rxf3,=,52,B,12
a6,=,53,W,12
Ra3,=,53,B,12
Ra8,=,54,W,12
g4,=,54,B,12
a7,=,55,W,12
Ke4,=,55,B,12
Kh6,=,56,W,12
g3,=,56,B,12
e4,=,1,W,13
c5,=,1,B,13
Nc3,=,2,W,13
e6,=,2,B,13
f4,=,3,W,13
d5,=,3,B,13
Nf3,=,4,W,13
a6,=,4,B,13
d4,=,5,W,13
Nf6,=,5,B,13
e5,=,6,W,13
Ne4,=,6,B,13
Be3,#ee6b55,7,W,13
Nc6,=,7,B,13
dxc5,=,8,W,13
Qa5,=,8,B,13
Bd2,#e6912c,9,W,13
Nxd2,#5c8bb0,9,B,13
Nxd2,#e6912c,10,W,13
Qxc5,#ee6b55,10,B,13
Bd3,#ee6b55,11,W,13
Qe3+,#5c8bb0,11,B,13
Ne2,=,12,W,13
Bc5,#e6912c,12,B,13
Rf1,=,13,W,13
Nd4,#e6912c,13,B,13
Nb3,=,14,W,13
Nxe2,=,14,B,13
Qxe2,=,15,W,13
Bb6,=,15,B,13
Qxe3,=,16,W,13
Bxe3,=,16,B,13
Ke2,=,17,W,13
Bb6,=,17,B,13
c4,#e6912c,18,W,13
dxc4,=,18,B,13
Bxc4,=,19,W,13
Bd7,=,19,B,13
Bd3,=,20,W,13
Ke7,=,20,B,13
Rac1,=,21,W,13
Rhd8,=,21,B,13
g3,=,22,W,13
Rac8,=,22,B,13
Rxc8,=,23,W,13
Rxc8,=,23,B,13
Rc1,=,24,W,13
Rxc1,=,24,B,13
Nxc1,=,25,W,13
Bc6,=,25,B,13
Nb3,=,26,W,13
h6,=,26,B,13
Nd2,=,27,W,13
f6,=,27,B,13
Be4,=,28,W,13
Bb5+,=,28,B,13
Bd3,=,29,W,13
Bd7,=,29,B,13
Be4,=,30,W,13
fxe5,=,30,B,13
fxe5,=,31,W,13
Bd4,=,31,B,13
Nf3,=,32,W,13
Bb5+,=,32,B,13
Kd2,=,33,W,13
Bxb2,=,33,B,13
Bxb7,=,34,W,13
a5,=,34,B,13
Kc2,=,35,W,13
Ba3,=,35,B,13
Be4,=,36,W,13
Bc4,=,36,B,13
Kb1,=,37,W,13
Kd7,=,37,B,13
g4,#e6912c,38,W,13
g5,=,38,B,13
h4,=,39,W,13
gxh4,=,39,B,13
Nxh4,=,40,W,13
Bc5,=,40,B,13
Nf3,=,41,W,13
a4,#e6912c,41,B,13
g5,#5c8bb0,42,W,13
hxg5,=,42,B,13
Nxg5,=,43,W,13
a3,=,43,B,13
Nf3,=,44,W,13
Be3,=,44,B,13
Bc2,=,45,W,13
Be2,=,45,B,13
Ne1,=,46,W,13
Bd4,=,46,B,13
Ba4+,=,47,W,13
Kc7,=,47,B,13
Nc2,=,48,W,13
Bb2,=,48,B,13
Bb3,=,49,W,13
Bg4,=,49,B,13
Ne3,=,50,W,13
Bh3,=,50,B,13
Kc2,=,51,W,13
Bxe5,=,51,B,13
Nc4,=,52,W,13
Bd6,=,52,B,13
Nxd6,=,53,W,13
Kxd6,=,53,B,13
Kc3,=,54,W,13
Kc5,=,54,B,13
Bc2,=,55,W,13
e5,=,55,B,13
Kb3,#5c8bb0,56,W,13
Kd4,=,56,B,13
Kxa3,=,57,W,13
Kc3,=,57,B,13
Bg6,=,58,W,13
Bf1,=,58,B,13
Ka4,=,59,W,13
Bd3,=,59,B,13
Bh5,=,60,W,13
e4,=,60,B,13
Ka5,#5c8bb0,61,W,13
e3,=,61,B,13
Kb6,=,62,W,13
Kb4,=,62,B,13
a3+,=,63,W,13
Kxa3,=,63,B,13
Kc5,=,64,W,13
Kb3,=,64,B,13
Kd4,=,65,W,13
Kc2,=,65,B,13
Kxe3,=,66,W,13
e4,=,1,W,14
g6,=,1,B,14
Nc3,=,2,W,14
Bg7,=,2,B,14
d4,=,3,W,14
d6,=,3,B,14
Nf3,=,4,W,14
a6,=,4,B,14
h3,=,5,W,14
Nf6,=,5,B,14
Be3,=,6,W,14
O-O,=,6,B,14
Bd3,=,7,W,14
Nc6,=,7,B,14
O-O,=,8,W,14
e5,=,8,B,14
dxe5,=,9,W,14
Nxe5,=,9,B,14
Nxe5,=,10,W,14
dxe5,=,10,B,14
Bc4,=,11,W,14
Re8,=,11,B,14
Qxd8,=,12,W,14
Rxd8,=,12,B,14
Rfd1,=,13,W,14
Re8,=,13,B,14
f3,=,14,W,14
Be6,=,14,B,14
Bxe6,=,15,W,14
Rxe6,=,15,B,14
Kf2,=,16,W,14
Bf8,=,16,B,14
Na4,=,17,W,14
b5,=,17,B,14
Nc5,=,18,W,14
Rc6,=,18,B,14
b4,=,19,W,14
a5,=,19,B,14
a3,=,20,W,14
axb4,=,20,B,14
axb4,=,21,W,14
Rxa1,=,21,B,14
Rxa1,=,22,W,14
Bxc5,#5c8bb0,22,B,14
bxc5,=,23,W,14
Kg7,=,23,B,14
Ra5,=,24,W,14
b4,#e6912c,24,B,14
Rb5,#ee6b55,25,W,14
Nd7,=,25,B,14
Ke2,=,26,W,14
Ra6,=,26,B,14
Rxb4,#e6912c,27,W,14
Nf8,=,27,B,14
Kd3,=,28,W,14
Ne6,=,28,B,14
Kc4,=,29,W,14
Ra2,=,29,B,14
Kd5,=,30,W,14
Rxc2,=,30,B,14
Kxe5,=,31,W,14
Rxg2,=,31,B,14
f4,=,32,W,14
Rg3,=,32,B,14
Bf2,=,33,W,14
Rf3,=,33,B,14
f5,=,34,W,14
gxf5,=,34,B,14
exf5,=,35,W,14
Rxf2,=,35,B,14
fxe6,=,36,W,14
Re2+,=,36,B,14
Kd5,=,37,W,14
Rxe6,=,37,B,14
c6,=,38,W,14
Rd6+,=,38,B,14
Kc5,#5c8bb0,39,W,14
Re6,=,39,B,14
Rd4,=,40,W,14
Re7,=,40,B,14
Rd7,=,41,W,14
Kf6,=,41,B,14
Kd5,#e6912c,42,W,14
h5,#ee6b55,42,B,14
h4,#ee6b55,43,W,14
Re5+,#ee6b55,43,B,14
Kd4,=,44,W,14
Re7,=,44,B,14
Kd5,#e6912c,45,W,14
Re5+,#ee6b55,45,B,14
Kd4,=,46,W,14
Re7,=,46,B,14
Kd5,#e6912c,47,W,14
e4,=,1,W,15
d5,=,1,B,15
Nc3,=,2,W,15
dxe4,=,2,B,15
Nxe4,=,3,W,15
Nf6,=,3,B,15
Ng3,=,4,W,15
h5,=,4,B,15
Bc4,=,5,W,15
h4,=,5,B,15
Nf1,=,6,W,15
Nc6,=,6,B,15
Ne3,=,7,W,15
h3,=,7,B,15
g3,#e6912c,8,W,15
e5,#5c8bb0,8,B,15
d3,=,9,W,15
Bc5,=,9,B,15
Ne2,=,10,W,15
Bxe3,=,10,B,15
Bxe3,=,11,W,15
Bg4,=,11,B,15
O-O,=,12,W,15
Qd7,#e6912c,12,B,15
f3,=,13,W,15
Be6,=,13,B,15
Bb3,=,14,W,15
O-O-O,=,14,B,15
Bf2,=,15,W,15
a6,=,15,B,15
Nc3,=,16,W,15
Bxb3,=,16,B,15
axb3,=,17,W,15
Rhe8,=,17,B,15
Ne4,=,18,W,15
Nxe4,=,18,B,15
fxe4,=,19,W,15
f5,#5c8bb0,19,B,15
exf5,#b33430,20,W,15
Qd5,#5c8bb0,20,B,15
e4,=,1,W,16
g6,=,1,B,16
d4,=,2,W,16
Bg7,=,2,B,16
Nf3,=,3,W,16
d6,=,3,B,16
Bd3,=,4,W,16
a6,=,4,B,16
O-O,=,5,W,16
Nf6,=,5,B,16
Re1,=,6,W,16
O-O,=,6,B,16
h3,=,7,W,16
Nc6,=,7,B,16
c3,=,8,W,16
e5,=,8,B,16
Nbd2,=,9,W,16
b6,=,9,B,16
Nf1,=,10,W,16
Bb7,=,10,B,16
Ng3,=,11,W,16
Re8,=,11,B,16
a3,=,12,W,16
h6,=,12,B,16
d5,=,13,W,16
Nb8,=,13,B,16
c4,=,14,W,16
a5,=,14,B,16
Rb1,=,15,W,16
Nbd7,=,15,B,16
b4,=,16,W,16
axb4,=,16,B,16
axb4,=,17,W,16
c6,=,17,B,16
Be3,=,18,W,16
Qc7,=,18,B,16
Qd2,=,19,W,16
Kh7,=,19,B,16
Rec1,=,20,W,16
c5,=,20,B,16
bxc5,=,21,W,16
bxc5,=,21,B,16
Bc2,=,22,W,16
Nb6,=,22,B,16
Bd3,=,23,W,16
Nfd7,=,23,B,16
h4,=,24,W,16
Ra4,=,24,B,16
h5,=,25,W,16
Ba6,=,25,B,16
Qe2,=,26,W,16
Rb4,#e6912c,26,B,16
Ra1,#ee6b55,27,W,16
Ra4,#e6912c,27,B,16
Rxa4,=,28,W,16
Nxa4,=,28,B,16
Nh4,#e6912c,29,W,16
Nab6,#b33430,29,B,16
hxg6+,=,30,W,16
fxg6,=,30,B,16
Nxg6,#1baca6,31,W,16
Nf6,=,31,B,16
Nh4,=,32,W,16
Bc8,=,32,B,16
Nhf5,=,33,W,16
Rg8,=,33,B,16
Qf3,=,34,W,16
Bf8,=,34,B,16
Nxh6,=,35,W,16
Bxh6,=,35,B,16
Bxh6,=,36,W,16
Rg6,=,36,B,16
Bd2,=,37,W,16
Bg4,=,37,B,16
Qe3,=,38,W,16
Qf7,=,38,B,16
Nf5,=,39,W,16
Qf8,=,39,B,16
Qg3,=,40,W,16
Bxf5,=,40,B,16
Qh4+,=,41,W,16
Kg8,=,41,B,16
exf5,=,42,W,16
Rg4,=,42,B,16
Qh3,=,43,W,16
Nbd7,=,43,B,16
Be2,=,44,W,16
Rd4,=,44,B,16
Be3,=,45,W,16
Re4,=,45,B,16
Bd3,=,46,W,16
Rxe3,=,46,B,16
Qxe3,=,47,W,16
Qg7,=,47,B,16
Qg3,=,48,W,16
e4,=,48,B,16
Qxg7+,=,49,W,16
Kxg7,=,49,B,16
Be2,=,50,W,16
Kh6,=,50,B,16
g4,=,51,W,16
Kg5,=,51,B,16
Rb1,=,52,W,16
Ne5,=,52,B,16
Rb6,=,53,W,16
Nfxg4,=,53,B,16
Bxg4,=,54,W,16
Nxg4,=,54,B,16
Rxd6,=,55,W,16
Kxf5,=,55,B,16
Rc6,=,56,W,16
Ke5,=,56,B,16
Rxc5,=,57,W,16
Kd4,=,57,B,16
d6,=,58,W,16
Kxc5,=,58,B,16
d7,=,59,W,16
Ne5,=,59,B,16
d8=Q,=,60,W,16
Kxc4,=,60,B,16
Kg2,=,61,W,16
Nd3,=,61,B,16
Qb6,=,62,W,16
Kd5,=,62,B,16
Qe3,=,63,W,16
Ke5,=,63,B,16
Kg3,=,64,W,16
Kd5,=,64,B,16
f4,=,65,W,16
Nc5,=,65,B,16
f5,=,66,W,16
Nd7,=,66,B,16
Kf4,=,67,W,16
Nf6,=,67,B,16
Qd2+,=,68,W,16
Kc4,=,68,B,16
Ke5,=,69,W,16
e3,=,69,B,16
Qc2+,=,70,W,16
Kb5,=,70,B,16
Kxf6,=,71,W,16
Nf3,=,1,W,17
Nf6,=,1,B,17
b3,=,2,W,17
g6,=,2,B,17
Bb2,=,3,W,17
Bg7,=,3,B,17
e3,=,4,W,17
O-O,=,4,B,17
d4,=,5,W,17
d6,=,5,B,17
Be2,=,6,W,17
e5,=,6,B,17
O-O,=,7,W,17
exd4,=,7,B,17
Nxd4,=,8,W,17
Re8,=,8,B,17
c4,=,9,W,17
Nc6,=,9,B,17
Nc3,=,10,W,17
Nxd4,=,10,B,17
exd4,=,11,W,17
Bf5,=,11,B,17
Bf3,=,12,W,17
c6,=,12,B,17
Qd2,=,13,W,17
d5,=,13,B,17
cxd5,=,14,W,17
Nxd5,=,14,B,17
Nxd5,=,15,W,17
cxd5,=,15,B,17
Rfe1,=,16,W,17
Be4,=,16,B,17
Be2,=,17,W,17
Qd7,=,17,B,17
f3,=,18,W,17
Bf5,=,18,B,17
Bf1,=,19,W,17
h5,=,19,B,17
Rac1,=,20,W,17
a6,=,20,B,17
Rxe8+,=,21,W,17
Rxe8,=,21,B,17
Re1,=,22,W,17
Rc8,=,22,B,17
Rc1,=,23,W,17
Rc6,=,23,B,17
Rxc6,=,24,W,17
Qxc6,=,24,B,17
Qc3,=,25,W,17
Qe6,=,25,B,17
Qd2,=,26,W,17
Bf6,=,26,B,17
Kf2,=,27,W,17
Qe7,=,27,B,17
Qe3,=,28,W,17
Qc7,=,28,B,17
g3,=,29,W,17
Qc2+,=,29,B,17
Qe2,=,30,W,17
Qb1,=,30,B,17
Bc3,=,31,W,17
Bc2,=,31,B,17
b4,=,32,W,17
Qxa2,=,32,B,17
Qd2,=,33,W,17
Qb3,=,33,B,17
Be2,=,34,W,17
Kg7,=,34,B,17
h3,=,35,W,17
Bf5,=,35,B,17
g4,=,36,W,17
hxg4,=,36,B,17
hxg4,=,37,W,17
Be6,=,37,B,17
Qe3,=,38,W,17
Bh4+,=,38,B,17
Kg2,=,39,W,17
Qc2,=,39,B,17
Bd2,=,40,W,17
Kg8,=,40,B,17
Qc3,=,41,W,17
Qxc3,=,41,B,17
Bxc3,=,42,W,17
Be7,=,42,B,17
b5,=,43,W,17
Bc8,=,43,B,17
bxa6,=,44,W,17
bxa6,=,44,B,17
Ba5,=,45,W,17
Bf6,=,45,B,17
Bb6,=,46,W,17
a5,=,46,B,17
Bb5,=,47,W,17
Be6,=,47,B,17
Kf2,=,48,W,17
Kg7,=,48,B,17
Ke3,=,49,W,17
Bg5+,=,49,B,17
f4,=,50,W,17
Be7,=,50,B,17
g5,=,51,W,17
Bb4,=,51,B,17
Bc6,=,52,W,17
Kf8,=,52,B,17
Bd8,=,53,W,17
Bf5,=,53,B,17
Bxd5,=,54,W,17
a4,=,54,B,17
Bb6,=,55,W,17
a3,=,55,B,17
Ba2,=,56,W,17
Ke7,=,56,B,17
d5,=,57,W,17
Kd6,=,57,B,17
Kd4,=,58,W,17
Bd7,=,58,B,17
Ba7,=,59,W,17
Kc7,=,59,B,17
Bc5,=,60,W,17
Bxc5+,=,60,B,17
Kxc5,=,61,W,17
Bf5,=,61,B,17
d6+,=,62,W,17
Kd7,=,62,B,17
Bxf7,=,63,W,17
Be6,=,63,B,17
Bxe6+,=,64,W,17
Kxe6,=,64,B,17
Kc6,=,65,W,17
a2,=,65,B,17
d7,=,66,W,17
a1=Q,=,66,B,17
d8=Q,=,67,W,17
Qc3+,=,67,B,17
Kb7,=,68,W,17
Qb4+,=,68,B,17
Kc8,=,69,W,17
Qc5+,=,69,B,17
Kb7,=,70,W,17
Qb5+,=,70,B,17
Kc8,=,71,W,17
Qc6+,=,71,B,17
Kb8,=,72,W,17
Qd6+,=,72,B,17
Kc8,=,73,W,17
Qc6+,=,73,B,17
Kb8,=,74,W,17
Qd6+,=,74,B,17
Kc8,=,75,W,17
Qc6+,=,75,B,17
e4,=,1,W,18
g6,=,1,B,18
Nc3,=,2,W,18
Bg7,=,2,B,18
d4,=,3,W,18
d6,=,3,B,18
Nf3,=,4,W,18
Nc6,=,4,B,18
Be3,=,5,W,18
Nf6,=,5,B,18
h3,=,6,W,18
e5,#e6912c,6,B,18
dxe5,#5c8bb0,7,W,18
Nxe5,=,7,B,18
Nxe5,=,8,W,18
dxe5,=,8,B,18
Qxd8+,=,9,W,18
Kxd8,=,9,B,18
O-O-O+,=,10,W,18
Bd7,=,10,B,18
Bc4,=,11,W,18
Ke8,=,11,B,18
Nb5,#e6912c,12,W,18
Bxb5,#5c8bb0,12,B,18
Bxb5+,=,13,W,18
c6,#5c8bb0,13,B,18
Bd3,=,14,W,18
h5,=,14,B,18
Kb1,=,15,W,18
Bh6,=,15,B,18
Bc5,=,16,W,18
Bf8,=,16,B,18
Be3,=,17,W,18
Bh6,=,17,B,18
Bc5,=,18,W,18
Bf8,=,18,B,18
Be3,=,19,W,18
Bh6,=,19,B,18
e4,=,1,W,19
c6,=,1,B,19
Nc3,=,2,W,19
d5,=,2,B,19
Nf3,=,3,W,19
a6,=,3,B,19
d4,=,4,W,19
Bg4,=,4,B,19
h3,=,5,W,19
Bh5,=,5,B,19
Be2,=,6,W,19
e6,=,6,B,19
O-O,=,7,W,19
Nf6,=,7,B,19
exd5,=,8,W,19
cxd5,=,8,B,19
Ne5,=,9,W,19
Bxe2,=,9,B,19
Nxe2,=,10,W,19
Bd6,=,10,B,19
Nd3,=,11,W,19
O-O,=,11,B,19
Bf4,=,12,W,19
Nc6,=,12,B,19
c3,=,13,W,19
Re8,=,13,B,19
Bxd6,=,14,W,19
Qxd6,=,14,B,19
Re1,=,15,W,19
e5,=,15,B,19
dxe5,=,16,W,19
Nxe5,=,16,B,19
Nxe5,=,17,W,19
Rxe5,=,17,B,19
Nd4,=,18,W,19
Rxe1+,=,18,B,19
Qxe1,=,19,W,19
Re8,=,19,B,19
Qd2,=,20,W,19
g6,=,20,B,19
Re1,=,21,W,19
Rxe1+,=,21,B,19
Qxe1,=,22,W,19
Kg7,=,22,B,19
f3,=,23,W,19
Nd7,=,23,B,19
Qd2,=,24,W,19
Nc5,=,24,B,19
Kf2,=,25,W,19
Ne6,=,25,B,19
Ne2,=,26,W,19
Qb6+,=,26,B,19
Nd4,=,27,W,19
Nxd4,=,27,B,19
Qxd4+,=,28,W,19
Qxd4+,=,28,B,19
cxd4,=,29,W,19
Kf6,=,29,B,19
g4,=,30,W,19
Ke6,=,30,B,19
Ke3,=,31,W,19
g5,=,31,B,19
Kd3,=,32,W,19
f5,=,32,B,19
Kc3,=,33,W,19
fxg4,=,33,B,19
fxg4,=,34,W,19
Kd6,=,34,B,19
Kb4,=,35,W,19
b6,#5c8bb0,35,B,19
a4,=,36,W,19
Kc6,=,36,B,19
a5,=,37,W,19
b5,=,37,B,19
Kc3,=,38,W,19
h6,=,38,B,19
b4,=,39,W,19
Kd6,=,39,B,19
Kd3,=,40,W,19
Ke6,=,40,B,19
Ke3,=,41,W,19
Kd6,=,41,B,19
Kf3,=,42,W,19
Ke6,=,42,B,19
Kg3,=,43,W,19
Kf6,=,43,B,19
Kg2,=,44,W,19
Kg6,=,44,B,19
Kg1,=,45,W,19
h5,=,45,B,19
Kf1,=,46,W,19
h4,=,46,B,19
Ke1,=,47,W,19
Kf6,=,47,B,19
Kd1,=,48,W,19
Kg6,=,48,B,19
Kc1,=,49,W,19
Kf6,=,49,B,19
Kb1,=,50,W,19
Kg6,=,50,B,19
Ka1,=,51,W,19
Kf6,=,51,B,19
Ka2,=,52,W,19
Kg6,=,52,B,19
Ka3,=,53,W,19
Kf6,=,53,B,19
Kb3,=,54,W,19
Kg6,=,54,B,19
Kc3,=,55,W,19
Kf6,=,55,B,19
Kd3,=,56,W,19
Ke6,=,56,B,19
Ke3,=,57,W,19
Kf6,=,57,B,19
Kf3,=,58,W,19
Ke6,=,58,B,19
Kf2,=,59,W,19
Kf6,=,59,B,19
Kg2,=,60,W,19
Ke6,=,60,B,19
Kh2,=,61,W,19
Kf6,=,61,B,19
Kh1,=,62,W,19
Ke6,=,62,B,19
Kg1,=,63,W,19
Kf6,=,63,B,19
Kf1,=,64,W,19
Ke6,=,64,B,19
Ke1,=,65,W,19
Kf6,=,65,B,19
Kd1,=,66,W,19
Ke6,=,66,B,19
Kc1,=,67,W,19
Kf6,=,67,B,19
Kb1,=,68,W,19
Ke6,=,68,B,19
Ka1,=,69,W,19
Kf6,=,69,B,19
Ka2,=,70,W,19
Ke6,=,70,B,19
Ka3,=,71,W,19
Kf6,=,71,B,19
Kb3,=,72,W,19
Ke6,=,72,B,19
Kc3,=,73,W,19
Kf6,=,73,B,19
Kd3,=,74,W,19
Ke6,=,74,B,19
Ke3,=,75,W,19
Kf6,=,75,B,19
Kf3,=,76,W,19
Ke6,=,76,B,19
Kf2,=,77,W,19
Kf6,=,77,B,19
Kg2,=,78,W,19
Ke6,=,78,B,19
Kh2,=,79,W,19
Kf6,=,79,B,19
Kh1,=,80,W,19
Ke6,=,80,B,19
Kg1,=,81,W,19
Kf6,=,81,B,19
Kf1,=,82,W,19
Ke6,=,82,B,19
Ke1,=,83,W,19
Kf6,=,83,B,19
e4,=,1,W,20
g6,=,1,B,20
d4,=,2,W,20
Bg7,=,2,B,20
Nc3,=,3,W,20
d6,=,3,B,20
f4,=,4,W,20
a6,=,4,B,20
Nf3,=,5,W,20
b5,=,5,B,20
Bd3,=,6,W,20
Nd7,=,6,B,20
e5,=,7,W,20
Bb7,=,7,B,20
Be4,=,8,W,20
Qc8,=,8,B,20
Qe2,=,9,W,20
Nb6,=,9,B,20
O-O,=,10,W,20
Nh6,=,10,B,20
a4,=,11,W,20
b4,=,11,B,20
Bxb7,#5c8bb0,12,W,20
Qxb7,=,12,B,20
Ne4,=,13,W,20
O-O,=,13,B,20
h3,#e6912c,14,W,20
Rad8,#ee6b55,14,B,20
g4,#ee6b55,15,W,20
f5,=,15,B,20
Neg5,=,16,W,20
fxg4,=,16,B,20
hxg4,=,17,W,20
Qc8,#5c8bb0,17,B,20
Nh2,=,18,W,20
c5,=,18,B,20
a5,=,19,W,20
Nd5,=,19,B,20
Qc4,=,20,W,20
e6,=,20,B,20
Re1,#e6912c,21,W,20
cxd4,#ee6b55,21,B,20
Qxc8,=,22,W,20
Rxc8,=,22,B,20
Nxe6,=,23,W,20
Rfe8,#e6912c,23,B,20
Nxg7,#ee6b55,24,W,20
Kxg7,=,24,B,20
Nf3,#e6912c,25,W,20
Nxg4,=,25,B,20
Nxd4,#e6912c,26,W,20
dxe5,=,26,B,20
fxe5,=,27,W,20
Nxe5,=,27,B,20
Bd2,=,28,W,20
Rc4,=,28,B,20
c3,=,29,W,20
bxc3,=,29,B,20
bxc3,=,30,W,20
Nxc3,=,30,B,20
Rac1,=,31,W,20
Nf3+,#ee6b55,31,B,20
Nxf3,=,32,W,20
Ne2+,#e6912c,32,B,20
Kf2,#5c8bb0,33,W,20
Nxc1,=,33,B,20
Rxe8,=,34,W,20
Nb3,=,34,B,20
Be3,#e6912c,35,W,20
Ra4,#ee6b55,35,B,20
Re7+,#5c8bb0,36,W,20
Kf6,=,36,B,20
Rxh7,#e6912c,37,W,20
Ra2+,=,37,B,20
Kg3,=,38,W,20
Rxa5,=,38,B,20
Bg5+,=,39,W,20
Rxg5+,=,39,B,20
Nxg5,=,40,W,20
Kxg5,=,40,B,20
Ra7,=,41,W,20
Nc5,=,41,B,20
Rc7,=,42,W,20
Ne4+,=,42,B,20
Kf3,=,43,W,20
Kf5,=,43,B,20
Rc6,=,44,W,20
a5,=,44,B,20
Ke3,=,45,W,20
g5,=,45,B,20
Ra6,=,46,W,20
Nf6,=,46,B,20
Rxa5+,=,47,W,20
Kg4,=,47,B,20
Rxg5+,=,48,W,20
Kxg5,=,48,B,20
e4,=,1,W,21
e5,=,1,B,21
Nc3,=,2,W,21
Nc6,=,2,B,21
Bc4,=,3,W,21
Nf6,=,3,B,21
d3,=,4,W,21
Na5,=,4,B,21
Qf3,=,5,W,21
Nxc4,=,5,B,21
dxc4,=,6,W,21
d6,=,6,B,21
Nge2,=,7,W,21
Be7,=,7,B,21
O-O,=,8,W,21
O-O,=,8,B,21
Ng3,=,9,W,21
c6,=,9,B,21
h3,=,10,W,21
Be6,=,10,B,21
b3,=,11,W,21
d5,=,11,B,21
exd5,=,12,W,21
cxd5,=,12,B,21
Rd1,=,13,W,21
d4,#5c8bb0,13,B,21
Qxb7,=,14,W,21
Re8,=,14,B,21
Qf3,=,15,W,21
Qc8,=,15,B,21
Nd5,#b33430,16,W,21
Bxd5,#5c8bb0,16,B,21
cxd5,=,17,W,21
Qxc2,=,17,B,21
Bg5,=,18,W,21
Nxd5,#1baca6,18,B,21
Rac1,=,19,W,21
Qg6,#5c8bb0,19,B,21
Qxd5,=,20,W,21
Bxg5,#ee6b55,20,B,21
Rc6,=,21,W,21
Bf6,#5c8bb0,21,B,21
Ne4,=,22,W,21
Rad8,#5c8bb0,22,B,21
Nxf6+,=,23,W,21
gxf6,=,23,B,21
Qf3,=,24,W,21
Kg7,#5c8bb0,24,B,21
Rc7,=,25,W,21
d3,=,25,B,21
Rxa7,=,26,W,21
d2,#e6912c,26,B,21
Rc7,=,27,W,21
Rd3,=,27,B,21
Qe2,#e6912c,28,W,21
Red8,=,28,B,21
Rc4,=,29,W,21
h5,=,29,B,21
Rc2,#e6912c,30,W,21
Qg5,#ee6b55,30,B,21
a4,=,31,W,21
Rxb3,=,31,B,21
Rcxd2,=,32,W,21
Rxd2,=,32,B,21
Qxd2,=,33,W,21
Qxd2,=,33,B,21
Rxd2,=,34,W,21
Ra3,=,34,B,21
h4,=,35,W,21
Rxa4,=,35,B,21
g3,#5c8bb0,36,W,21
f5,=,36,B,21
Rd5,=,37,W,21
f6,=,37,B,21
Rd7+,=,38,W,21
Kg6,=,38,B,21
Kg2,=,39,W,21
f4,=,39,B,21
Rd8,=,40,W,21
fxg3,#e6912c,40,B,21
fxg3,=,41,W,21
Kf5,=,41,B,21
Rh8,=,42,W,21
Kg6,=,42,B,21
Rg8+,=,43,W,21
Kh7,=,43,B,21
Rf8,=,44,W,21
Ra2+,=,44,B,21
Kf3,=,45,W,21
Kg7,=,45,B,21
Rd8,=,46,W,21
Ra3+,=,46,B,21
Kg2,=,47,W,21
e4,=,47,B,21
Rd5,=,48,W,21
Kg6,=,48,B,21
Rd4,=,49,W,21
Ra2+,=,49,B,21
Kh3,#e6912c,50,W,21
f5,#5c8bb0,50,B,21
Rd6+,=,51,W,21
Kf7,=,51,B,21
Rh6,=,52,W,21
e3,#5c8bb0,52,B,21
Rb6,=,53,W,21
e2,#e6912c,53,B,21
Rb1,#5c8bb0,54,W,21
Kf6,=,54,B,21
Re1,#5c8bb0,55,W,21
Ke5,=,55,B,21
Kg2,#5c8bb0,56,W,21
Ke4,=,56,B,21
Kf2,#5c8bb0,57,W,21
Kd3,=,57,B,21
Rb1,=,58,W,21
Rc2,=,58,B,21
Rb8,=,59,W,21
Rc4,=,59,B,21
Rd8+,=,60,W,21
Rd4,=,60,B,21
Rxd4+,=,61,W,21
Kxd4,=,61,B,21
Kxe2,=,62,W,21
Ke4,=,62,B,21
Kf2,#5c8bb0,63,W,21
f4,=,63,B,21
gxf4,=,64,W,21
Kxf4,=,64,B,21
Kg2,=,65,W,21
Kg4,=,65,B,21
Kh2,=,66,W,21
Kxh4,=,66,B,21
Kg2,=,67,W,21
Kg4,=,67,B,21
Kh2,=,68,W,21
h4,=,68,B,21
Kg2,=,69,W,21
h3+,=,69,B,21
Kh2,=,70,W,21
Kh4,=,70,B,21
Kh1,=,71,W,21
Kg3,=,71,B,21
Kg1,=,72,W,21
h2+,=,72,B,21
Kh1,#5c8bb0,73,W,21
Kh3,=,73,B,21
e4,=,1,W,22
g6,=,1,B,22
d4,=,2,W,22
Bg7,=,2,B,22
Nf3,=,3,W,22
a6,=,3,B,22
Bc4,=,4,W,22
d6,=,4,B,22
O-O,=,5,W,22
Nf6,=,5,B,22
Re1,=,6,W,22
O-O,=,6,B,22
Bb3,=,7,W,22
Nc6,=,7,B,22
Nbd2,=,8,W,22
e5,=,8,B,22
c3,=,9,W,22
Re8,=,9,B,22
h3,=,10,W,22
h6,=,10,B,22
dxe5,=,11,W,22
Nxe5,=,11,B,22
Nf1,=,12,W,22
Be6,=,12,B,22
Nxe5,=,13,W,22
dxe5,=,13,B,22
Qxd8,=,14,W,22
Raxd8,=,14,B,22
Bxe6,=,15,W,22
Rxe6,=,15,B,22
f3,=,16,W,22
Bf8,=,16,B,22
Be3,=,17,W,22
Nd7,=,17,B,22
Red1,=,18,W,22
Ree8,=,18,B,22
Kf2,=,19,W,22
Kg7,=,19,B,22
Rd2,=,20,W,22
Nc5,=,20,B,22
Rad1,=,21,W,22
Rxd2+,=,21,B,22
Nxd2,#e6912c,22,W,22
Ne6,#ee6b55,22,B,22
Nc4,=,23,W,22
f6,=,23,B,22
Na5,=,24,W,22
Bd6,#e6912c,24,B,22
Nxb7,=,25,W,22
Rb8,=,25,B,22
Nxd6,=,26,W,22
Rxb2+,=,26,B,22
Kf1,=,27,W,22
cxd6,=,27,B,22
Rxd6,=,28,W,22
Rb1+,#e6912c,28,B,22
Ke2,#5c8bb0,29,W,22
Rb2+,=,29,B,22
Kd3,=,30,W,22
Kf7,=,30,B,22
Rxa6,=,31,W,22
Rxg2,=,31,B,22
Ra7+,=,32,W,22
Ke8,=,32,B,22
a4,=,33,W,22
f5,=,33,B,22
a5,=,34,W,22
Rg3,=,34,B,22
a6,=,35,W,22
Rxf3,=,35,B,22
Ke2,=,36,W,22
Rxh3,=,36,B,22
Rb7,=,37,W,22
f4,=,37,B,22
a7,=,38,W,22
e4,=,1,W,23
c5,=,1,B,23
Nc3,=,2,W,23
Nc6,=,2,B,23
f4,=,3,W,23
e6,=,3,B,23
Nf3,=,4,W,23
a6,=,4,B,23
d4,=,5,W,23
cxd4,=,5,B,23
Nxd4,=,6,W,23
Qc7,=,6,B,23
Nb3,=,7,W,23
Nf6,=,7,B,23
Bd3,=,8,W,23
b5,=,8,B,23
e5,=,9,W,23
b4,#5c8bb0,9,B,23
Ne4,=,10,W,23
Nxe4,=,10,B,23
Bxe4,=,11,W,23
Bb7,=,11,B,23
O-O,=,12,W,23
Ne7,=,12,B,23
Bxb7,=,13,W,23
Qxb7,=,13,B,23
Be3,=,14,W,23
Nf5,=,14,B,23
Bf2,=,15,W,23
h5,=,15,B,23
Qd3,=,16,W,23
Be7,=,16,B,23
Rad1,=,17,W,23
Rc8,=,17,B,23
Rd2,=,18,W,23
O-O,=,18,B,23
Rfd1,#e6912c,19,W,23
Rc7,#ee6b55,19,B,23
Qe2,=,20,W,23
Rfc8,=,20,B,23
Qxh5,=,21,W,23
Rxc2,=,21,B,23
Rxd7,#e6912c,22,W,23
Qe4,=,22,B,23
R7d2,#e6912c,23,W,23
Qxf4,#ee6b55,23,B,23
Qe2,=,24,W,23
Rxd2,#e6912c,24,B,23
Rxd2,=,25,W,23
a5,=,25,B,23
g3,#5c8bb0,26,W,23
Qg5,=,26,B,23
Nxa5,=,27,W,23
Rc1+,=,27,B,23
Rd1,#5c8bb0,28,W,23
Rxd1+,=,28,B,23
Qxd1,=,29,W,23
Ne3,#e6912c,29,B,23
Qd2,#5c8bb0,30,W,23
Ng4,=,30,B,23
Qxg5,=,31,W,23
Bxg5,=,31,B,23
Bd4,=,32,W,23
Be3+,=,32,B,23
Bxe3,=,33,W,23
Nxe3,=,33,B,23
Nc6,=,34,W,23
Nd5,=,34,B,23
a4,=,35,W,23
bxa3,=,35,B,23
bxa3,=,36,W,23
Kf8,=,36,B,23
a4,=,37,W,23
Ke8,=,37,B,23
a5,=,38,W,23
Kd7,=,38,B,23
Nd4,=,39,W,23
Nb4,=,39,B,23
Kf2,#b33430,40,W,23
Nd3+,#5c8bb0,40,B,23
Ke3,=,41,W,23
Nxe5,=,41,B,23
a6,=,42,W,23
Kc7,=,42,B,23
Ke4,=,43,W,23
Nc4,=,43,B,23
Nf3,=,44,W,23
Nd6+,=,44,B,23
Ke5,=,45,W,23
f6+,#b33430,45,B,23
Kxe6,=,46,W,23
e4,=,1,W,24
g6,=,1,B,24
Nf3,=,2,W,24
Bg7,=,2,B,24
d4,=,3,W,24
d6,=,3,B,24
h3,=,4,W,24
Nf6,=,4,B,24
Bd3,=,5,W,24
Nc6,=,5,B,24
O-O,=,6,W,24
e5,=,6,B,24
dxe5,=,7,W,24
Nxe5,=,7,B,24
Nxe5,=,8,W,24
dxe5,=,8,B,24
Bb5+,=,9,W,24
c6,=,9,B,24
Qxd8+,=,10,W,24
Kxd8,=,10,B,24
Bd3,=,11,W,24
Be6,=,11,B,24
Be3,=,12,W,24
Kc7,=,12,B,24
Nd2,=,13,W,24
h5,=,13,B,24
Nf3,=,14,W,24
Nd7,=,14,B,24
Ng5,=,15,W,24
Rhe8,=,15,B,24
Nxe6+,=,16,W,24
Rxe6,=,16,B,24
Bc4,=,17,W,24
Re7,=,17,B,24
Rfd1,=,18,W,24
f6,=,18,B,24
a4,=,19,W,24
a5,=,19,B,24
Rd3,=,20,W,24
Rh8,=,20,B,24
f3,=,21,W,24
Bh6,=,21,B,24
Bf2,#5c8bb0,22,W,24
Bf8,=,22,B,24
Rad1,=,23,W,24
Rhh7,=,23,B,24
Be1,=,24,W,24
b6,#5c8bb0,24,B,24
Bf2,=,25,W,24
Re8,#e6912c,25,B,24
Kf1,#ee6b55,26,W,24
Nc5,=,26,B,24
Ra3,=,27,W,24
Ne6,=,27,B,24
Raa1,=,28,W,24
h4,=,28,B,24
c3,=,29,W,24
Bc5,=,29,B,24
Be1,=,30,W,24
Nf4,=,30,B,24
b4,=,31,W,24
axb4,=,31,B,24
cxb4,=,32,W,24
Bd4,=,32,B,24
Rac1,=,33,W,24
Kb7,=,33,B,24
a5,#e6912c,34,W,24
b5,#5c8bb0,34,B,24
Bb3,=,35,W,24
Rc7,#b33430,35,B,24
Rc2,#ee6b55,36,W,24
g5,#5c8bb0,36,B,24
Rdc1,=,37,W,24
Rec8,=,37,B,24
Bd2,=,38,W,24
c5,#e6912c,38,B,24
Bxf4,#ee6b55,39,W,24
gxf4,#ee6b55,39,B,24
Be6,=,40,W,24
Re8,=,40,B,24
Bd5+,#5c8bb0,41,W,24
Ka6,#5c8bb0,41,B,24
bxc5,=,42,W,24
Rb8,=,42,B,24
Ke2,=,43,W,24
b4,#e6912c,43,B,24
Bc4+,=,44,W,24
Ka7,=,44,B,24
Bb3,#5c8bb0,45,W,24
Rb5,=,45,B,24
a6,=,46,W,24
Rbxc5,=,46,B,24
Rxc5,=,47,W,24
Rxc5,=,47,B,24
Rxc5,=,48,W,24
Bxc5,=,48,B,24
Kd3,=,49,W,24
Kxa6,=,49,B,24
Kc4,=,50,W,24
Kb6,=,50,B,24
Kd5,=,51,W,24
Bf2,=,51,B,24
Ke6,=,52,W,24
Kc5,=,52,B,24
Kxf6,=,53,W,24
Kd4,=,53,B,24
Bd5,=,54,W,24
Bg3,=,54,B,24
Kf5,=,55,W,24
Be1,=,55,B,24
Kf6,=,56,W,24
Bc3,=,56,B,24
Kg5,=,57,W,24
Be1,=,57,B,24
Kf6,=,58,W,24
Bf2,=,58,B,24
Kg5,=,59,W,24
Kc3,=,59,B,24
Kf5,=,60,W,24
Bd4,=,60,B,24
Kg5,=,61,W,24
Bf2,=,61,B,24
Kf5,=,62,W,24
Kd4,=,62,B,24
Kg5,=,63,W,24
Bg3,=,63,B,24
Kf6,=,64,W,24
Be1,=,64,B,24
Kf5,=,65,W,24
Bc3,=,65,B,24
Kf6,=,66,W,24
Ke3,=,66,B,24
Kg5,#5c8bb0,67,W,24
Be1,=,67,B,24
Kf5,=,68,W,24
Kf2,=,68,B,24
Kxe5,=,69,W,24
Kxg2,=,69,B,24
Kxf4,=,70,W,24
Kxh3,=,70,B,24
e5,=,71,W,24
Bg3+,=,71,B,24
Kf5,=,72,W,24
Kh2,#e6912c,72,B,24
f4,#5c8bb0,73,W,24
h3,=,73,B,24
e6,#e6912c,74,W,24
Bh4,#5c8bb0,74,B,24
Kg4,=,75,W,24
Be7,=,75,B,24
f5,=,76,W,24
Kg1,#b33430,76,B,24
Kxh3,=,77,W,24
Kf2,=,77,B,24
Kg4,#5c8bb0,78,W,24
Ke3,=,78,B,24
Kh5,#5c8bb0,79,W,24
Kd4,=,79,B,24
Bb3,=,80,W,24
Ke5,=,80,B,24
Kg6,#5c8bb0,81,W,24
Bd6,=,81,B,24
Kf7,#ee6b55,82,W,24
Kf4,#ee6b55,82,B,24
f6,=,83,W,24
Kf5,=,83,B,24
e7,=,84,W,24
Bxe7,=,84,B,24
fxe7,=,85,W,24
Ke5,=,85,B,24
e8=Q+,=,86,W,24
Kd4,=,86,B,24
Qe6,=,87,W,24
Kc3,=,87,B,24
Qc4+,=,88,W,24
Kb2,=,88,B,24
Qxb4,=,89,W,24
e4,=,1,W,25
d5,=,1,B,25
Nc3,=,2,W,25
dxe4,=,2,B,25
Nxe4,=,3,W,25
Nf6,=,3,B,25
Ng3,=,4,W,25
h5,=,4,B,25
Bc4,=,5,W,25
h4,=,5,B,25
Nf1,=,6,W,25
h3,=,6,B,25
g3,=,7,W,25
Nc6,#5c8bb0,7,B,25
Ne3,=,8,W,25
e5,#5c8bb0,8,B,25
d3,=,9,W,25
Bc5,=,9,B,25
Bd2,=,10,W,25
Nd4,#e6912c,10,B,25
Nf3,#e6912c,11,W,25
Qe7,#ee6b55,11,B,25
c3,#ee6b55,12,W,25
Nxf3+,=,12,B,25
Qxf3,=,13,W,25
c6,=,13,B,25
O-O,#e6912c,14,W,25
Bxe3,#ee6b55,14,B,25
fxe3,#ee6b55,15,W,25
Bg4,#5c8bb0,15,B,25
Qf2,=,16,W,25
e4,=,16,B,25
d4,=,17,W,25
Bf3,#e6912c,17,B,25
Be2,=,18,W,25
Ng4,=,18,B,25
Qe1,=,19,W,25
Qf6,=,19,B,25
Qd1,#5c8bb0,20,W,25
Bxe2,=,20,B,25
Qxe2,=,21,W,25
Qg6,=,21,B,25
Rf4,=,22,W,25
f5,#5c8bb0,22,B,25
Raf1,#e6912c,23,W,25
O-O,=,23,B,25
c4,=,24,W,25
Kh7,=,24,B,25
Bb4,=,25,W,25
Rf7,=,25,B,25
Qxg4,=,26,W,25
fxg4,=,26,B,25
Rxf7,=,27,W,25
b6,#e6912c,27,B,25
Bc3,#ee6b55,28,W,25
Rg8,=,28,B,25
R1f4,#e6912c,29,W,25
b5,#ee6b55,29,B,25
Re7,#ee6b55,30,W,25
bxc4,#ee6b55,30,B,25
Rexe4,#ee6b55,31,W,25
Re8,=,31,B,25
Rxe8,=,32,W,25
Qxe8,=,32,B,25
e4,=,33,W,25
g5,=,33,B,25
Rxg4,=,34,W,25
Qf7,=,34,B,25
e4,=,1,W,26
g6,=,1,B,26
Nf3,=,2,W,26
Bg7,=,2,B,26
d4,=,3,W,26
d6,=,3,B,26
Bc4,=,4,W,26
a6,=,4,B,26
Bb3,=,5,W,26
Nf6,=,5,B,26
Qe2,=,6,W,26
O-O,=,6,B,26
O-O,=,7,W,26
Nc6,=,7,B,26
Rd1,=,8,W,26
e5,#e6912c,8,B,26
dxe5,#5c8bb0,9,W,26
Ne8,=,9,B,26
exd6,=,10,W,26
cxd6,=,10,B,26
Nc3,=,11,W,26
Bg4,=,11,B,26
h3,=,12,W,26
Nd4,=,12,B,26
Rxd4,=,13,W,26
Bxf3,=,13,B,26
Qxf3,#b33430,14,W,26
Bxd4,=,14,B,26
Bh6,=,15,W,26
Bg7,=,15,B,26
Bf4,=,16,W,26
Be5,=,16,B,26
Rd1,#5c8bb0,17,W,26
Qf6,#e6912c,17,B,26
Nd5,#5c8bb0,18,W,26
Qg7,=,18,B,26
Be3,=,19,W,26
Nf6,=,19,B,26
Nxf6+,#e6912c,20,W,26
Qxf6,=,20,B,26
Qxf6,=,21,W,26
Bxf6,=,21,B,26
Rxd6,=,22,W,26
Be5,#e6912c,22,B,26
Rd7,=,23,W,26
Rad8,=,23,B,26
Bxf7+,#5c8bb0,24,W,26
Kg7,=,24,B,26
Rxd8,=,25,W,26
Rxd8,=,25,B,26
Bd5,#5c8bb0,26,W,26
Bxb2,=,26,B,26
Bxb7,#e6912c,27,W,26
Rd1+,#5c8bb0,27,B,26
Kh2,=,28,W,26
Bd4,=,28,B,26
Bxd4+,=,29,W,26
Rxd4,=,29,B,26
Bxa6,=,30,W,26
Rxe4,=,30,B,26
Bb5,=,31,W,26
Kf6,=,31,B,26
a4,=,32,W,26
Rb4,=,32,B,26
Kg3,=,33,W,26
Rb2,=,33,B,26
c4,=,34,W,26
Ke5,=,34,B,26
c5,=,35,W,26
Rc2,=,35,B,26
c6,=,36,W,26
g5,=,36,B,26
Kf3,=,37,W,26
h6,=,37,B,26
g3,=,38,W,26
Kd6,=,38,B,26
h4,=,39,W,26
gxh4,=,39,B,26
gxh4,=,40,W,26
Rc5,=,40,B,26
Kg4,=,41,W,26
h5+,=,41,B,26
Kf4,=,42,W,26
Rd5,=,42,B,26
Ke4,=,43,W,26
Re5+,=,43,B,26
Kf4,=,44,W,26
Rd5,=,44,B,26
f3,=,45,W,26
Re5,=,45,B,26
Bd3,=,46,W,26
Ra5,=,46,B,26
Be4,=,47,W,26
Rc5,=,47,B,26
Ke3,=,48,W,26
Ra5,=,48,B,26
Kf4,=,49,W,26
Rc5,=,49,B,26
Ke3,=,50,W,26
Ra5,=,50,B,26
Kf4,=,51,W,26
e4,=,1,W,27
c5,=,1,B,27
Nc3,=,2,W,27
e6,=,2,B,27
f4,=,3,W,27
d5,=,3,B,27
Nf3,=,4,W,27
dxe4,=,4,B,27
Nxe4,=,5,W,27
Nc6,=,5,B,27
Bb5,=,6,W,27
Bd7,=,6,B,27
O-O,=,7,W,27
Nf6,=,7,B,27
d3,=,8,W,27
Qb6,=,8,B,27
Bc4,=,9,W,27
Na5,#e6912c,9,B,27
Ne5,#5c8bb0,10,W,27
Nxc4,#e6912c,10,B,27
Nxc4,#ee6b55,11,W,27
Qc7,=,11,B,27
f5,=,12,W,27
Nxe4,=,12,B,27
dxe4,=,13,W,27
e5,=,13,B,27
Ne3,=,14,W,27
Bc6,#5c8bb0,14,B,27
f6,=,15,W,27
g6,=,15,B,27
Qf3,=,16,W,27
O-O-O,=,16,B,27
c4,=,17,W,27
Rd4,=,17,B,27
Nd5,#5c8bb0,18,W,27
Bxd5,#5c8bb0,18,B,27
cxd5,=,19,W,27
c4,=,19,B,27
Kh1,=,20,W,27
Bc5,=,20,B,27
Be3,=,21,W,27
Rd3,=,21,B,27
Qg4+,#5c8bb0,22,W,27
Kb8,=,22,B,27
Bxc5,=,23,W,27
Qxc5,=,23,B,27
Rac1,#e6912c,24,W,27
Rc8,#ee6b55,24,B,27
Qd7,#5c8bb0,25,W,27
Qc7,=,25,B,27
Qb5,#e6912c,26,W,27
a6,=,26,B,27
Qb4,=,27,W,27
Rd4,#e6912c,27,B,27
Rfe1,#ee6b55,28,W,27
Qc5,=,28,B,27
Qc3,=,29,W,27
h5,=,29,B,27
Qg3,=,30,W,27
Qd6,=,30,B,27
Qf2,=,31,W,27
Rd3,=,31,B,27
Rc2,=,32,W,27
Rd4,=,32,B,27
Rcc1,=,33,W,27
h4,#e6912c,33,B,27
Qxh4,#ee6b55,34,W,27
Rd2,#5c8bb0,34,B,27
Rb1,#5c8bb0,35,W,27
Ka8,#e6912c,35,B,27
Qg3,=,36,W,27
c3,#ee6b55,36,B,27
bxc3,=,37,W,27
Rxa2,=,37,B,27
Qe3,#e6912c,38,W,27
Rc2,=,38,B,27
Rb6,#e6912c,39,W,27
Qc5,#ee6b55,39,B,27
Qxc5,#5c8bb0,40,W,27
Rxc5,=,40,B,27
d6,#b33430,41,W,27
Rd2,#ee6b55,41,B,27
h3,#ee6b55,42,W,27
Rxc3,=,42,B,27
Rbb1,#b33430,43,W,27
Rxd6,=,43,B,27
Rbd1,=,44,W,27
Rxd1,=,44,B,27
Rxd1,=,45,W,27
Rc6,=,45,B,27
Rd5,=,46,W,27
Rxf6,=,46,B,27
Rxe5,=,47,W,27
Re6,=,47,B,27
Rd5,=,48,W,27
Rxe4,=,48,B,27
Rd7,=,49,W,27
f5,=,49,B,27
Rd6,=,50,W,27
a5,=,50,B,27
Rxg6,=,51,W,27
a4,=,51,B,27
Rb6,=,52,W,27
a3,=,52,B,27
Rb4,=,53,W,27
Rxb4,=,53,B,27
e4,=,1,W,28
g6,=,1,B,28
Nc3,=,2,W,28
Bg7,=,2,B,28
d4,=,3,W,28
d6,=,3,B,28
h3,=,4,W,28
a6,=,4,B,28
Nf3,=,5,W,28
Nf6,=,5,B,28
Be3,=,6,W,28
O-O,=,6,B,28
Bd3,=,7,W,28
Nc6,=,7,B,28
Ne2,=,8,W,28
e5,=,8,B,28
dxe5,=,9,W,28
Nxe5,=,9,B,28
Nxe5,=,10,W,28
dxe5,=,10,B,28
Ng3,=,11,W,28
Qe7,=,11,B,28
O-O,=,12,W,28
Rd8,=,12,B,28
Qe2,=,13,W,28
b6,=,13,B,28
Rfd1,=,14,W,28
Bb7,=,14,B,28
a4,=,15,W,28
a5,=,15,B,28
f3,=,16,W,28
h5,=,16,B,28
Qf2,=,17,W,28
h4,=,17,B,28
Nf1,=,18,W,28
Nh5,=,18,B,28
Bc4,=,19,W,28
Nf4,=,19,B,28
Kh1,=,20,W,28
Bf6,=,20,B,28
Nh2,=,21,W,28
Bg7,=,21,B,28
Ng4,=,22,W,28
Kh7,#e6912c,22,B,28
Bxf4,#ee6b55,23,W,28
exf4,=,23,B,28
e5,=,24,W,28
Kg8,#e6912c,24,B,28
Re1,=,25,W,28
Bd5,=,25,B,28
Qe2,=,26,W,28
Qe6,=,26,B,28
Bxd5,=,27,W,28
Rxd5,=,27,B,28
Rad1,=,28,W,28
Rad8,=,28,B,28
Rxd5,=,29,W,28
Rxd5,#e6912c,29,B,28
Qf2,#ee6b55,30,W,28
g5,=,30,B,28
Qe2,=,31,W,28
Qd7,#e6912c,31,B,28
Kh2,=,32,W,28
Rd2,=,32,B,28
Qc4,#e6912c,33,W,28
Rd4,=,33,B,28
Qa6,=,34,W,28
Rd2,#e6912c,34,B,28
Qc4,#ee6b55,35,W,28
Rd4,=,35,B,28
Qa6,=,36,W,28
Rxa4,#e6912c,36,B,28
c3,#5c8bb0,37,W,28
Ra2,=,37,B,28
Re4,#e6912c,38,W,28
Rxb2,=,38,B,28
Rd4,=,39,W,28
Qc6,#b33430,39,B,28
Qd3,=,40,W,28
Qg6,=,40,B,28
Qc4,#e6912c,41,W,28
Qe6,#ee6b55,41,B,28
Qd3,#b33430,42,W,28
Qg6,#ee6b55,42,B,28
Qxg6,#ee6b55,43,W,28
fxg6,=,43,B,28
Rd8+,=,44,W,28
Kh7,#e6912c,44,B,28
Rd7,#ee6b55,45,W,28
Re2,=,45,B,28
Nf6+,=,46,W,28
Kh6,#5c8bb0,46,B,28
Ng4+,=,47,W,28
Kh7,#5c8bb0,47,B,28
Nf6+,=,48,W,28
Kh6,#5c8bb0,48,B,28
Ng4+,=,49,W,28
Kh7,#5c8bb0,49,B,28
e4,=,1,W,29
c5,=,1,B,29
Nc3,=,2,W,29
d6,=,2,B,29
f4,=,3,W,29
Nc6,=,3,B,29
Nf3,=,4,W,29
Nf6,=,4,B,29
Bb5,=,5,W,29
Bd7,=,5,B,29
Bxc6,=,6,W,29
Bxc6,=,6,B,29
d3,=,7,W,29
e6,=,7,B,29
O-O,=,8,W,29
Be7,=,8,B,29
Qe1,=,9,W,29
O-O,=,9,B,29
b3,=,10,W,29
d5,=,10,B,29
Bb2,=,11,W,29
d4,=,11,B,29
Ne2,=,12,W,29
Nd7,=,12,B,29
Ng3,=,13,W,29
f6,=,13,B,29
f5,=,14,W,29
e5,=,14,B,29
Nh5,=,15,W,29
Qe8,=,15,B,29
g4,=,16,W,29
g6,#e6912c,16,B,29
Ng3,=,17,W,29
Kh8,=,17,B,29
Kf2,#e6912c,18,W,29
Qf7,#ee6b55,18,B,29
Rg1,#ee6b55,19,W,29
b5,=,19,B,29
h4,=,20,W,29
c4,=,20,B,29
fxg6,#e6912c,21,W,29
hxg6,=,21,B,29
h5,=,22,W,29
g5,#5c8bb0,22,B,29
Nf5,=,23,W,29
Nc5,=,23,B,29
Qe2,=,24,W,29
Ne6,=,24,B,29
Bc1,=,25,W,29
Rac8,=,25,B,29
Bd2,=,26,W,29
Ba3,=,26,B,29
bxc4,=,27,W,29
bxc4,=,27,B,29
Rab1,=,28,W,29
c3,=,28,B,29
Bc1,=,29,W,29
Bxc1,=,29,B,29
Rgxc1,=,30,W,29
Nf4,=,30,B,29
Qd1,=,31,W,29
Rb8,=,31,B,29
Rxb8,=,32,W,29
Rxb8,=,32,B,29
Rb1,=,33,W,29
Rb2,=,33,B,29
Rc1,=,34,W,29
Qxa2,=,34,B,29
Kg3,=,35,W,29
Ba4,=,35,B,29
Ra1,=,36,W,29
Bxc2,=,36,B,29
Qh1,=,37,W,29
Bxd3,=,37,B,29
Rxa2,=,38,W,29
Rxa2,#ee6b55,38,B,29
N3xd4,#5c8bb0,39,W,29
exd4,=,39,B,29
Nxd4,=,40,W,29
Rg2+,=,40,B,29
Kf3,=,41,W,29
c2,=,41,B,29
Qa1,=,42,W,29
Rd2,#e6912c,42,B,29
Nxc2,#ee6b55,43,W,29
Rxc2,#ee6b55,43,B,29
Qxf6+,=,44,W,29
Kh7,=,44,B,29
Qxg5,=,45,W,29
Kh8,=,45,B,29
Qe5+,=,46,W,29
e4,=,1,W,30
g6,=,1,B,30
Nf3,=,2,W,30
Bg7,=,2,B,30
d4,=,3,W,30
d6,=,3,B,30
Bd3,=,4,W,30
Nf6,=,4,B,30
O-O,=,5,W,30
O-O,=,5,B,30
Re1,=,6,W,30
Nc6,=,6,B,30
c3,=,7,W,30
e5,=,7,B,30
h3,=,8,W,30
Re8,=,8,B,30
Nbd2,=,9,W,30
a6,=,9,B,30
Nf1,=,10,W,30
b6,=,10,B,30
Ng3,=,11,W,30
Bb7,=,11,B,30
Be3,#e6912c,12,W,30
h6,#ee6b55,12,B,30
Qd2,=,13,W,30
Kh7,=,13,B,30
d5,=,14,W,30
Nb8,=,14,B,30
c4,=,15,W,30
Nbd7,=,15,B,30
b4,=,16,W,30
a5,=,16,B,30
a3,=,17,W,30
axb4,=,17,B,30
axb4,=,18,W,30
c5,=,18,B,30
dxc6,=,19,W,30
Bxc6,=,19,B,30
Bf1,#e6912c,20,W,30
Qc7,=,20,B,30
Rxa8,=,21,W,30
Rxa8,=,21,B,30
Rd1,=,22,W,30
Bf8,=,22,B,30
Qc2,=,23,W,30
Ba4,=,23,B,30
Qa2,#5c8bb0,24,W,30
Bc6,=,24,B,30
Qb1,=,25,W,30
Ra4,#e6912c,25,B,30
Bd3,=,26,W,30
Qc8,#e6912c,26,B,30
Ne2,#ee6b55,27,W,30
Qa8,=,27,B,30
Nc3,=,28,W,30
Ra3,=,28,B,30
Nd5,#e6912c,29,W,30
Nxd5,=,29,B,30
cxd5,=,30,W,30
Ba4,=,30,B,30
Rc1,=,31,W,30
Rb3,#5c8bb0,31,B,30
Qc2,#5c8bb0,32,W,30
Rxb4,=,32,B,30
Qc7,=,33,W,30
Kg8,#e6912c,33,B,30
Ra1,#ee6b55,34,W,30
b5,#b33430,34,B,30
Kh2,#ee6b55,35,W,30
Qb8,#e6912c,35,B,30
Qxd7,=,36,W,30
Rb3,=,36,B,30
Bf1,=,37,W,30
Rc3,=,37,B,30
Rc1,=,38,W,30
Rxc1,=,38,B,30
Bxc1,=,39,W,30
Bc2,=,39,B,30
Nd2,=,40,W,30
b4,=,40,B,30
Qc6,=,41,W,30
Qa7,=,41,B,30
Qxc2,=,42,W,30
Qxf2,=,42,B,30
Qd1,=,43,W,30
h5,=,43,B,30
Nc4,=,44,W,30
h4,=,44,B,30
Be3,=,45,W,30
Qg3+,=,45,B,30
Kg1,=,46,W,30
f5,=,46,B,30
Qf3,=,47,W,30
f4,=,47,B,30
Bf2,=,48,W,30
e4,=,1,W,31
c6,=,1,B,31
Nc3,=,2,W,31
d5,=,2,B,31
Nf3,=,3,W,31
a6,=,3,B,31
d4,=,4,W,31
Bg4,=,4,B,31
Bd3,=,5,W,31
e6,=,5,B,31
h3,=,6,W,31
Bh5,=,6,B,31
Qe2,=,7,W,31
Nf6,=,7,B,31
e5,=,8,W,31
Nfd7,=,8,B,31
g4,=,9,W,31
Bg6,=,9,B,31
Bxg6,=,10,W,31
hxg6,=,10,B,31
Nd1,=,11,W,31
c5,=,11,B,31
c3,=,12,W,31
Nc6,=,12,B,31
Be3,=,13,W,31
Rc8,=,13,B,31
Kf1,=,14,W,31
Qb6,=,14,B,31
Kg2,=,15,W,31
Be7,=,15,B,31
a3,=,16,W,31
Qb5,=,16,B,31
Qd2,#e6912c,17,W,31
Nb6,#ee6b55,17,B,31
Rb1,#ee6b55,18,W,31
Nc4,=,18,B,31
Qc1,=,19,W,31
cxd4,=,19,B,31
cxd4,=,20,W,31
Kd7,=,20,B,31
a4,#b33430,21,W,31
Qb3,#ee6b55,21,B,31
Qc3,#e6912c,22,W,31
Qxc3,#ee6b55,22,B,31
bxc3,=,23,W,31
Rc7,=,23,B,31
Bg5,=,24,W,31
b6,#e6912c,24,B,31
Bxe7,=,25,W,31
Kxe7,=,25,B,31
Ne3,=,26,W,31
N6a5,=,26,B,31
Rhc1,=,27,W,31
Rhc8,=,27,B,31
Nd1,=,28,W,31
f6,=,28,B,31
exf6+,=,29,W,31
gxf6,=,29,B,31
Ne1,#e6912c,30,W,31
e5,=,30,B,31
Nd3,=,31,W,31
Nd2,#b33430,31,B,31
Rb2,#ee6b55,32,W,31
Nab3,=,32,B,31
dxe5,#b33430,33,W,31
Nxc1,=,33,B,31
exf6+,=,34,W,31
Kxf6,=,34,B,31
Nxc1,=,35,W,31
Nc4,=,35,B,31
Rc2,=,36,W,31
d4,=,36,B,31
Kg3,=,37,W,31
Na5,=,37,B,31
Nd3,=,38,W,31
dxc3,=,38,B,31
Nb4,=,39,W,31
Rd7,=,39,B,31
Nxc3,=,40,W,31
Kg7,=,40,B,31
f3,=,41,W,31
Rdc7,#e6912c,41,B,31
Nbd5,=,42,W,31
Rc5,=,42,B,31
Rb2,=,43,W,31
Nc4,#e6912c,43,B,31
Rb4,#ee6b55,44,W,31
a5,=,44,B,31
Rb1,=,45,W,31
Ne5,#e6912c,45,B,31
Rxb6,=,46,W,31
Rxc3,=,46,B,31
Nxc3,=,47,W,31
Rxc3,=,47,B,31
Kf4,=,48,W,31
Nxf3,=,48,B,31
g5,#e6912c,49,W,31
Nh4,#5c8bb0,49,B,31
Rb7+,=,50,W,31
Kf8,=,50,B,31
Rh7,=,51,W,31
Nf5,=,51,B,31
Ke5,=,52,W,31
Ne7,=,52,B,31
Kf6,=,53,W,31
Rf3+,=,53,B,31
Ke6,=,54,W,31
Re3+,=,54,B,31
Kf6,=,55,W,31
Ke8,=,55,B,31
Rh8+,=,56,W,31
Kd7,=,56,B,31
Ra8,=,57,W,31
Rf3+,#e6912c,57,B,31
Kg7,#5c8bb0,58,W,31
Rf5,=,58,B,31
Ra7+,#5c8bb0,59,W,31
Ke6,=,59,B,31
Ra6+,#5c8bb0,60,W,31
Ke5,=,60,B,31
h4,#e6912c,61,W,31
Nd5,#b33430,61,B,31
Rxa5,=,62,W,31
Rf4,=,62,B,31
Kxg6,=,63,W,31
Rxh4,=,63,B,31
Kg7,=,64,W,31
Rd4,=,64,B,31
g6,=,65,W,31
Rc4,=,65,B,31
Ra6,=,66,W,31
Rc7+,=,66,B,31
Kh6,=,67,W,31
Nf4,#e6912c,67,B,31
g7,#5c8bb0,68,W,31
Rc8,=,68,B,31
Ra5+,#e6912c,69,W,31
e4,=,1,W,32
g6,=,1,B,32
Nf3,=,2,W,32
Bg7,=,2,B,32
d4,=,3,W,32
d6,=,3,B,32
Bd3,=,4,W,32
Nf6,=,4,B,32
O-O,=,5,W,32
O-O,=,5,B,32
h3,=,6,W,32
Nc6,=,6,B,32
c3,=,7,W,32
e5,=,7,B,32
Re1,=,8,W,32
Re8,=,8,B,32
Nbd2,=,9,W,32
b6,=,9,B,32
Nf1,=,10,W,32
Bb7,=,10,B,32
Ng3,=,11,W,32
a6,=,11,B,32
Be3,=,12,W,32
h6,#e6912c,12,B,32
Qd2,=,13,W,32
Kh7,=,13,B,32
d5,=,14,W,32
Nb8,=,14,B,32
c4,=,15,W,32
Nbd7,=,15,B,32
b4,=,16,W,32
a5,=,16,B,32
a3,=,17,W,32
axb4,=,17,B,32
axb4,=,18,W,32
c5,=,18,B,32
bxc5,=,19,W,32
bxc5,=,19,B,32
Qc2,=,20,W,32
Qc7,=,20,B,32
Kh2,=,21,W,32
Rxa1,=,21,B,32
Rxa1,=,22,W,32
Ra8,=,22,B,32
Rxa8,=,23,W,32
Bxa8,=,23,B,32
Qa4,=,24,W,32
Bb7,=,24,B,32
Bd2,=,25,W,32
Nb6,=,25,B,32
Qa7,=,26,W,32
Nc8,=,26,B,32
Qa4,=,27,W,32
Qd7,=,27,B,32
Qa5,=,28,W,32
Bf8,=,28,B,32
Bc3,=,29,W,32
Be7,=,29,B,32
Nd2,=,30,W,32
Bd8,=,30,B,32
Qa1,=,31,W,32
Nb6,=,31,B,32
Bc2,=,32,W,32
Qc8,=,32,B,32
f4,=,33,W,32
exf4,=,33,B,32
Bxf6,=,34,W,32
fxg3+,=,34,B,32
Kxg3,=,35,W,32
Nd7,=,35,B,32
Bxd8,=,36,W,32
Qxd8,=,36,B,32
Nf3,#5c8bb0,37,W,32
Qe7,=,37,B,32
Qa7,=,38,W,32
Ne5,=,38,B,32
Kf2,=,39,W,32
Nxc4,=,39,B,32
Bd3,=,40,W,32
Nb2,=,40,B,32
Ba6,=,41,W,32
Nd1+,#5c8bb0,41,B,32
Kg1,=,42,W,32
Qxe4,#1baca6,42,B,32
Qxb7,=,43,W,32
Qe3+,#5c8bb0,43,B,32
Kh2,=,44,W,32
Qf4+,=,44,B,32
Kh1,#ee6b55,45,W,32
Nf2+,#5c8bb0,45,B,32
Kg1,=,46,W,32
Nxh3+,=,46,B,32
gxh3,=,47,W,32
Qg3+,=,47,B,32
Kf1,=,48,W,32
Qxf3+,=,48,B,32
Ke1,=,49,W,32
Qe3+,=,49,B,32
Be2,=,50,W,32
Qc1+,=,50,B,32
Kf2,=,51,W,32
Qf4+,=,51,B,32
Ke1,=,52,W,32
Qc1+,=,52,B,32
Kf2,=,53,W,32
Qf4+,=,53,B,32
Ke1,=,54,W,32
c4,#e6912c,54,B,32
Qb6,#ee6b55,55,W,32
c3,#5c8bb0,55,B,32
Qc6,=,56,W,32
Qd2+,=,56,B,32
Kf2,=,57,W,32
c2,=,57,B,32
Qc7,=,58,W,32
Qf4+,=,58,B,32
